,best_route,best_value,returnNum,Distance
0,"[ 20  21  22  23  24  25  26  27  28  29  30  31  32  33  34  35  36  37
  38  39  40  41  42  43  44  45  46  47  48  49  50  51  52  53  54  55
  56  57  58  59  60  61  62  63  64  65  66  67  68  69  70  71  72  73
  74  75  76  77  78  79  80  81  82  83  84  85  86  87  88  89  90  91
  92  93  94  95  96  97  98  99 100 101 102 103 104 105 106 107 108 109
 110 111 112 113 114 115 116 117 118 119 120 121 122 123 124 125 126 127
 128 129 130 131 132 133 134 135 136 137 138 139 140 141 142 143 144 145
 146 147 148 149 150 151 152 153 154 155 156 157 158 159 160 161 162 163
 164 165 166 167 168 169 170 171 172 173 174 175 176 177 178 179 180 181
 182 183 184 185 186 187 188 189 190 191 192 193 194 195 196 197 198 199
 200 201  12   6  14   1   3  17  16   0   2   9   5   4   8  11  18  19
  13   7  15  10]",22652915112.66328,29,4800797
1,"[ 20  21  22  23  24  25  26  27  28  29  30  31  32  33  34  35  36  37
  38  39  40  41  42  43  44  45  46  47  48  49  50  51  52  53  54  55
  56  57  58  59  60  61  62  63  64  65  66  67  68  69  70  71  72  73
  74  75  76  77  78  79  80  81  82  83  84  85  86  87  88  89  90  91
  92  93  94  95  96  97  98  99 100 101 102 103 104 105 106 107 108 109
 110 111 112 113 114 115 116 117 118 119 120 121 122 123 124 125 126 127
 128 129 130 131 132 133 134 135 136 137 138 139 140 141 142 143 144 145
 146 147 148 149 150 151 152 153 154 155 156 157 158 159 160 161 162 163
 164 165 166 167 168 169 170 171 172 173 174 175 176 177 178 179 180 181
 182 183 184 185 186 187 188 189 190 191 192 193 194 195 196 197 198 199
 200 201  12   6  14   1   3  17  16   0   2   9   5   4   8  11  18  19
  13   7  15  10]",22652915112.66328,29,4800797
2,"[ 22  23  24  25  26  27  28  29  30  31  32  33  34  35  36  37  38  39
  40  41  42  43  44  45  46  47  48  49  50  51  52  53  54  55  56  57
  58  59  60  61  62  63  64  65  66  67  68  69  70  71  72  73  74  75
  76  77  78  79  80  81  82  83  84  85  86  87  88  89  90  91  92  93
  94  95  96  97  98  99 100 101 102 103 104 105 106 107 108 109 110 111
 112 113 114 115 116 117 118 119 120 121 122 123 124 125 126 127 128 129
 130 131 132 133 134 135 136 137 138 139 140 141 142 143 144 145 146 147
 148 149 150 151 152 153 154 155 156 157 158 159 160 161 162 163 164 165
 166 167 168 169 170 171 172 173 174 175 176 177 178 179 180 181 182 183
 184 185 186 187 188 189 190 191 192 193 194 195 196 197 198 199 200 201
  12   6  14   1   3  17  16   0   2   9   5   4   8  11  18  19  13   7
  15  10  20  21]",22492841934.56768,29,4797086
3,"[ 20  21  22  23  24  25  26  27  28  29  30  31  32  33  34  35  36  37
  38  39  40  41  42  43  44  45  46  47  48  49  50  51  52  53  54  55
  56  57  58  59  60  61  62  63  64  65  66  67  68  69  70  71  72  73
  74  75  76  77  78  79  80  81  82  83  84  85  86  87  88  89  90  91
  92  93  94  95  96  97  98  99 100 101 102 103 104 105 106 107 108 109
 110 111 112 113 114 115 116 117 118 119 120 121 122 123 124 125 126 127
 128 129 130 131 132 133 134 135 136 137 138 139 140 141 142 143 144 145
 146 147 148 149 150 151 152 153 154 155 156 157 158 159 160 161 162 163
 164 165 166 167 168 169 170 171 172 173 174 175 176 177 178 179 180 181
 182 183 184 185 186 187 188 189 190 191 192 193 194 195 196 197 198 199
 200 201  12   6  14   1   3  17  16   0   2   9   5   4   8  11  18  19
  13   7  15  10]",22652915112.66328,29,4800797
4,"[ 20  21  22  23  24  25  26  27  28  29  30  31  32  33  34  35  36  37
  38  39  40  41  42  43  44  45  46  47  48  49  50  51  52  53  54  55
  56  57  58  59  60  61  62  63  64  65  66  67  68  69  70  71  72  73
  74  75  76  77  78  79  80  81  82  83  84  85  86  87  88  89  90  91
  92  93  94  95  96  97  98  99 100 101 102 103 104 105 106 107 108 109
 110 111 112 113 114 115 116 117 118 119 120 121 122 123 124 125 126 127
 128 129 130 131 132 133 134 135 136 137 138 139 140 141 142 143 144 145
 146 147 148 149 150 151 152 153 154 155 156 157 158 159 160 161 162 163
 164 165 166 167 168 169 170 171 172 173 174 175 176 177 178 179 180 181
 182 183 184 185 186 187 188 189 190 191 192 193 194 195 196 197 198 199
 200 201  12   6  14   1   3  17  16   0   2   9   5   4   8  11  18  19
  13   7  15  10]",22652915112.66328,29,4800797
5,"[ 24  25  26  27  28  29  30  31  32  33  34  35  36  37  38  39  40  41
  42  43  44  45  46  47  48  49  50  51  52  53  54  55  56  57  58  59
  60  61  62  63  64  65  66  67  68  69  70  71  72  73  74  75  76  77
  78  79  80  81  82  83  84  85  86  87  88  89  90  91  92  93  94  95
  96  97  98  99 100 101 102 103 104 105 106 107 108 109 110 111 112 113
 114 115 116 117 118 119 120 121 122 123 124 125 126 127 128 129 130 131
 132 133 134 135 136 137 138 139 140 141 142 143 144 145 146 147 148 149
 150 151 152 153 154 155 156 157 158 159 160 161 162 163 164 165 166 167
 168 169 170 171 172 173 174 175 176 177 178 179 180 181 182 183 184 185
 186 187 188 189 190 191 192 193 194 195 196 197 198 199 200 201  12   6
  14   1   3  17  16   0   2   9   5   4   8  11  18  19  13   7  15  10
  21  22  20  23]",22406911388.748817,28,4743477
6,"[ 20  21  22  23  24  25  26  27  28  29  30  31  32  33  34  35  36  37
  38  39  40  41  42  43  44  45  46  47  48  49  50  51  52  53  54  55
  56  57  58  59  60  61  62  63  64  65  66  67  68  69  70  71  72  73
  74  75  76  77  78  79  80  81  82  83  84  85  86  87  88  89  90  91
  92  93  94  95  96  97  98  99 100 101 102 103 104 105 106 107 108 109
 110 111 112 113 114 115 116 117 118 119 120 121 122 123 124 125 126 127
 128 129 130 131 132 133 134 135 136 137 138 139 140 141 142 143 144 145
 146 147 148 149 150 151 152 153 154 155 156 157 158 159 160 161 162 163
 164 165 166 167 168 169 170 171 172 173 174 175 176 177 178 179 180 181
 182 183 184 185 186 187 188 189 190 191 192 193 194 195 196 197 198 199
 200 201  12   6  14   1   3  17  16   0   2   9   5   4   8  11  18  19
  13   7  15  10]",22652915112.66328,29,4800797
7,"[ 20  21  22  23  24  25  26  27  28  29  30  31  32  33  34  35  36  37
  38  39  40  41  42  43  44  45  46  47  48  49  50  51  52  53  54  55
  56  57  58  59  60  61  62  63  64  65  66  67  68  69  70  71  72  73
  74  75  76  77  78  79  80  81  82  83  84  85  86  87  88  89  90  91
  92  93  94  95  96  97  98  99 100 101 102 103 104 105 106 107 108 109
 110 111 112 113 114 115 116 117 118 119 120 121 122 123 124 125 126 127
 128 129 130 131 132 133 134 135 136 137 138 139 140 141 142 143 144 145
 146 147 148 149 150 151 152 153 154 155 156 157 158 159 160 161 162 163
 164 165 166 167 168 169 170 171 172 173 174 175 176 177 178 179 180 181
 182 183 184 185 186 187 188 189 190 191 192 193 194 195 196 197 198 199
 200 201  12   6  14   1   3  17  16   0   2   9   5   4   8  11  18  19
  13   7  15  10]",22652915112.66328,29,4800797
8,"[ 20  21  22  23  24  25  26  27  28  29  30  31  32  33  34  35  36  37
  38  39  40  41  42  43  44  45  46  47  48  49  50  51  52  53  54  55
  56  57  58  59  60  61  62  63  64  65  66  67  68  69  70  71  72  73
  74  75  76  77  78  79  80  81  82  83  84  85  86  87  88  89  90  91
  92  93  94  95  96  97  98  99 100 101 102 103 104 105 106 107 108 109
 110 111 112 113 114 115 116 117 118 119 120 121 122 123 124 125 126 127
 128 129 130 131 132 133 134 135 136 137 138 139 140 141 142 143 144 145
 146 147 148 149 150 151 152 153 154 155 156 157 158 159 160 161 162 163
 164 165 166 167 168 169 170 171 172 173 174 175 176 177 178 179 180 181
 182 183 184 185 186 187 188 189 190 191 192 193 194 195 196 197 198 199
 200 201  12   6  14   1   3  17  16   0   2   9   5   4   8  11  18  19
  13   7  15  10]",22652915112.66328,29,4800797
9,"[ 20  21  22  23  24  25  26  27  28  29  30  31  32  33  34  35  36  37
  38  39  40  41  42  43  44  45  46  47  48  49  50  51  52  53  54  55
  56  57  58  59  60  61  62  63  64  65  66  67  68  69  70  71  72  73
  74  75  76  77  78  79  80  81  82  83  84  85  86  87  88  89  90  91
  92  93  94  95  96  97  98  99 100 101 102 103 104 105 106 107 108 109
 110 111 112 113 114 115 116 117 118 119 120 121 122 123 124 125 126 127
 128 129 130 131 132 133 134 135 136 137 138 139 140 141 142 143 144 145
 146 147 148 149 150 151 152 153 154 155 156 157 158 159 160 161 162 163
 164 165 166 167 168 169 170 171 172 173 174 175 176 177 178 179 180 181
 182 183 184 185 186 187 188 189 190 191 192 193 194 195 196 197 198 199
 200 201  12   6  14   1   3  17  16   0   2   9   5   4   8  11  18  19
  13   7  15  10]",22652915112.66328,29,4800797
10,"[ 20  21  22  23  24  25  26  27  28  29  30  31  32  33  34  35  36  37
  38  39  40  41  42  43  44  45  46  47  48  49  50  51  52  53  54  55
  56  57  58  59  60  61  62  63  64  65  66  67  68  69  70  71  72  73
  74  75  76  77  78  79  80  81  82  83  84  85  86  87  88  89  90  91
  92  93  94  95  96  97  98  99 100 101 102 103 104 105 106 107 108 109
 110 111 112 113 114 115 116 117 118 119 120 121 122 123 124 125 126 127
 128 129 130 131 132 133 134 135 136 137 138 139 140 141 142 143 144 145
 146 147 148 149 150 151 152 153 154 155 156 157 158 159 160 161 162 163
 164 165 166 167 168 169 170 171 172 173 174 175 176 177 178 179 180 181
 182 183 184 185 186 187 188 189 190 191 192 193 194 195 196 197 198 199
 200 201  12   6  14   1   3  17  16   0   2   9   5   4   8  11  18  19
  13   7  15  10]",22652915112.66328,29,4800797
11,"[ 20  21  22  23  24  25  26  27  28  29  30  31  32  33  34  35  36  37
  38  39  40  41  42  43  44  45  46  47  48  49  50  51  52  53  54  55
  56  57  58  59  60  61  62  63  64  65  66  67  68  69  70  71  72  73
  74  75  76  77  78  79  80  81  82  83  84  85  86  87  88  89  90  91
  92  93  94  95  96  97  98  99 100 101 102 103 104 105 106 107 108 109
 110 111 112 113 114 115 116 117 118 119 120 121 122 123 124 125 126 127
 128 129 130 131 132 133 134 135 136 137 138 139 140 141 142 143 144 145
 146 147 148 149 150 151 152 153 154 155 156 157 158 159 160 161 162 163
 164 165 166 167 168 169 170 171 172 173 174 175 176 177 178 179 180 181
 182 183 184 185 186 187 188 189 190 191 192 193 194 195 196 197 198 199
 200 201  12   6  14   1   3  17  16   0   2   9   5   4   8  11  18  19
  13   7  15  10]",22652915112.66328,29,4800797
12,"[137   9  20  21  22  23  24  25  26  27  28  29  30  31  32  33  34  35
  36  37  38  39  40  41  42  43  44  45  46  47  48  49  50  51  52  53
  54  55  56  57  58  59  60  61  62  63  64  65  66  67  68  69  70  71
  72  73  74  75  76  77  78  79  80  81  82  83  84  85  86  87  88  89
  90  91  92  93  94  95  96  97  98  99 100 101 102 103 104 105 106 107
 108 109 110 111 112 113 114 115 116 117 118 119 120 121 122 123 124 125
 126 127 128 129 130 131 132 133 134 135 136 138 139 140 141 142 143 144
 145 146 147 148 149 150 151 152 153 154 155 156 157 158 159 160 161 162
 163 164 165 166 167 168 169 170 171 172 173 174 175 176 177 178 179 180
 181 182 183 184 185 186 187 188 189 190 191 192 193 194 195 196 197 198
 199 200 201  12   6  14   1   3  17  16   0   2   5   4   8  11  18  19
  13   7  15  10]",22522115576.319412,29,4762921
13,"[ 20  21  22  23  24  25  26  27  28  29  30  31  32  33  34  35  36  37
  38  39  40  41  42  43  44  45  46  47  48  49  50  51  52  53  54  55
  56  57  58  59  60  61  62  63  64  65  66  67  68  69  70  71  72  73
  74  75  76  77  78  79  80  81  82  83  84  85  86  87  88  89  90  91
  92  93  94  95  96  97  98  99 100 101 102 103 104 105 106 107 108 109
 110 111 112 113 114 115 116 117 118 119 120 121 122 123 124 125 126 127
 128 129 130 131 132 133 134 135 136 137 138 139 140 141 142 143 144 145
 146 147 148 149 150 151 152 153 154 155 156 157 158 159 160 161 162 163
 164 165 166 167 168 169 170 171 172 173 174 175 176 177 178 179 180 181
 182 183 184 185 186 187 188 189 190 191 192 193 194 195 196 197 198 199
 200 201  12   6  14   1   3  17  16   0   2   9   5   4   8  11  18  19
  13   7  15  10]",22652915112.66328,29,4800797
14,"[ 20  21  22  23  24  25  26  27  28  29  30  31  32  33  34  35  36  37
  38  39  40  41  42  43  44  45  46  47  48  49  50  51  52  53  54  55
  56  57  58  59  60  61  62  63  64  65  66  67  68  69  70  71  72  73
  74  75  76  77  78  79  80  81  82  83  84  85  86  87  88  89  90  91
  92  93  94  95  96  97  98  99 100 101 102 103 104 105 106 107 108 109
 110 111 112 113 114 115 116 117 118 119 120 121 122 123 124 125 126 127
 128 129 130 131 132 133 134 135 136 137 138 139 140 141 142 143 144 145
 146 147 148 149 150 151 152 153 154 155 156 157 158 159 160 161 162 163
 164 165 166 167 168 169 170 171 172 173 174 175 176 177 178 179 180 181
 182 183 184 185 186 187 188 189 190 191 192 193 194 195 196 197 198 199
 200 201  12   6  14   1   3  17  16   0   2   9   5   4   8  11  18  19
  13   7  15  10]",22652915112.66328,29,4800797
15,"[ 20  21  22  23  24  25  26  27  28  29  30  31  32  33  34  35  36  37
  38  39  40  41  42  43  44  45  46  47  48  49  50  51  52  53  54  55
  56  57  58  59  60  61  62  63  64  65  66  67  68  69  70  71  72  73
  74  75  76  77  78  79  80  81  82  83  84  85  86  87  88  89  90  91
  92  93  94  95  96  97  98  99 100 101 102 103 104 105 106 107 108 109
 110 111 112 113 114 115 116 117 118 119 120 121 122 123 124 125 126 127
 128 129 130 131 132 133 134 135 136 137 138 139 140 141 142 143 144 145
 146 147 148 149 150 151 152 153 154 155 156 157 158 159 160 161 162 163
 164 165 166 167 168 169 170 171 172 173 174 175 176 177 178 179 180 181
 182 183 184 185 186 187 188 189 190 191 192 193 194 195 196 197 198 199
 200 201  12   6  14   1   3  17  16   0   2   9   5   4   8  11  18  19
  13   7  15  10]",22652915112.66328,29,4800797
16,"[ 20  21  22  23  24  25  26  27  28  29  30  31  32  33  34  35  36  37
  38  39  40  41  42  43  44  45  46  47  48  49  50  51  52  53  54  55
  56  57  58  59  60  61  62  63  64  65  66  67  68  69  70  71  72  73
  74  75  76  77  78  79  80  81  82  83  84  85  86  87  88  89  90  91
  92  93  94  95  96  97  98  99 100 101 102 103 104 105 106 107 108 109
 110 111 112 113 114 115 116 117 118 119 120 121 122 123 124 125 126 127
 128 129 130 131 132 133 134 135 136 137 138 139 140 141 142 143 144 145
 146 147 148 149 150 151 152 153 154 155 156 157 158 159 160 161 162 163
 164 165 166 167 168 169 170 171 172 173 174 175 176 177 178 179 180 181
 182 183 184 185 186 187 188 189 190 191 192 193 194 195 196 197 198 199
 200 201  12   6  14   1   3  17  16   0   2   9   5   4   8  11  18  19
  13   7  15  10]",22652915112.66328,29,4800797
17,"[ 20  21  22  23  24  25  26  27  28  29  30  31  32  33  34  35  36  37
  38  39  40  41  42  43  44  45  46  47  48  49  50  51  52  53  54  55
  56  57  58  59  60  61  62  63  64  65  66  67  68  69  70  71  72  73
  74  75  76  77  78  79  80  81  82  83  84  85  86  87  88  89  90  91
  92  93  94  95  96  97  98  99 100 101 102 103 104 105 106 107 108 109
 110 111 112 113 114 115 116 117 118 119 120 121 122 123 124 125 126 127
 128 129 130 131 132 133 134 135 136 137 138 139 140 141 142 143 144 145
 146 147 148 149 150 151 152 153 154 155 156 157 158 159 160 161 162 163
 164 165 166 167 168 169 170 171 172 173 174 175 176 177 178 179 180 181
 182 183 184 185 186 187 188 189 190 191 192 193 194 195 196 197 198 199
 200 201  12   6  14   1   3  17  16   0   2   9   5   4   8  11  18  19
  13   7  15  10]",22652915112.66328,29,4800797
18,"[ 20  21  22  23  24  25  26  27  28  29  30  31  32  33  34  35  36  37
  38  39  40  41  42  43  44  45  46  47  48  49  50  51  52  53  54  55
  56  57  58  59  60  61  62  63  64  65  66  67  68  69  70  71  72  73
  74  75  76  77  78  79  80  81  82  83  84  85  86  87  88  89  90  91
  92  93  94  95  96  97  98  99 100 101 102 103 104 105 106 107 108 109
 110 111 112 113 114 115 116 117 118 119 120 121 122 123 124 125 126 127
 128 129 130 131 132 133 134 135 136 137 138 139 140 141 142 143 144 145
 146 147 148 149 150 151 152 153 154 155 156 157 158 159 160 161 162 163
 164 165 166 167 168 169 170 171 172 173 174 175 176 177 178 179 180 181
 182 183 184 185 186 187 188 189 190 191 192 193 194 195 196 197 198 199
 200 201  12   6  14   1   3  17  16   0   2   9   5   4   8  11  18  19
  13   7  15  10]",22652915112.66328,29,4800797
19,"[ 20  21  22  23  24  25  26  27  28  29  30  31  32  33  34  35  36  37
  38  39  40  41  42  43  44  45  46  47  48  49  50  51  52  53  54  55
  56  57  58  59  60  61  62  63  64  65  66  67  68  69  70  71  72  73
  74  75  76  77  78  79  80  81  82  83  84  85  86  87  88  89  90  91
  92  93  94  95  96  97  98  99 100 101 102 103 104 105 106 107 108 109
 110 111 112 113 114 115 116 117 118 119 120 121 122 123 124 125 126 127
 128 129 130 131 132 133 134 135 136 137 138 139 140 141 142 143 144 145
 146 147 148 149 150 151 152 153 154 155 156 157 158 159 160 161 162 163
 164 165 166 167 168 169 170 171 172 173 174 175 176 177 178 179 180 181
 182 183 184 185 186 187 188 189 190 191 192 193 194 195 196 197 198 199
 200 201  12   6  14   1   3  17  16   0   2   9   5   4   8  11  18  19
  13   7  15  10]",22652915112.66328,29,4800797
20,"[ 20  21  22  23  24  25  26  27  28  29  30  31  32  33  34  35  36  37
  38  39  40  41  42  43  44  45  46  47  48  49  50  51  52  53  54  55
  56  57  58  59  60  61  62  63  64  65  66  67  68  69  70  71  72  73
  74  75  76  77  78  79  80  81  82  83  84  85  86  87  88  89  90  91
  92  93  94  95  96  97  98  99 100 101 102 103 104 105 106 107 108 109
 110 111 112 113 114 115 116 117 118 119 120 121 122 123 124 125 126 127
 128 129 130 131 132 133 134 135 136 137 138 139 140 141 142 143 144 145
 146 147 148 149 150 151 152 153 154 155 156 157 158 159 160 161 162 163
 164 165 166 167 168 169 170 171 172 173 174 175 176 177 178 179 180 181
 182 183 184 185 186 187 188 189 190 191 192 193 194 195 196 197 198 199
 200 201  12   6  14   1   3  17  16   0   2   9   5   4   8  11  18  19
  13   7  15  10]",22652915112.66328,29,4800797
21,"[ 20  21  22  23  24  25  26  27  28  29  30  31  32  33  34  35  36  37
  38  39  40  41  42  43  44  45  46  47  48  49  50  51  52  53  54  55
  56  57  58  59  60  61  62  63  64  65  66  67  68  69  70  71  72  73
  74  75  76  77  78  79  80  81  82  83  84  85  86  87  88  89  90  91
  92  93  94  95  96  97  98  99 100 101 102 103 104 105 106 107 108 109
 110 111 112 113 114 115 116 117 118 119 120 121 122 123 124 125 126 127
 128 129 130 131 132 133 134 135 136 137 138 139 140 141 142 143 144 145
 146 147 148 149 150 151 152 153 154 155 156 157 158 159 160 161 162 163
 164 165 166 167 168 169 170 171 172 173 174 175 176 177 178 179 180 181
 182 183 184 185 186 187 188 189 190 191 192 193 194 195 196 197 198 199
 200 201  12   6  14   1   3  17  16   0   2   9   5   4   8  11  18  19
  13   7  15  10]",22652915112.66328,29,4800797
22,"[180  39  40  41  42  43  44  45  46  47  48  49  50  51  52  53  54  55
  56  57  58  59  60  61  62  63  64  65  66  67  68  69  70  71  72  73
  74  75  76  77  78  79  80  81  82  83  84  85  86  87  88  89  90  91
  92  93  94  95  96  97  98  99 100 101 102 103 104 105 106 107 108 109
 110 111 112 113 114 115 116 117 118 119 120 121 122 123 124 125 126 127
 128 129 130 131 132 133 134 135 136 137 138 139 140 141 142 143 144 145
 146 147 148 149 150 151 152 153 154 155 156 157 158 159 160 161 162 163
 164 165 166 167 168 169 170 171 172 173 174 175 176 177 178 179 181 182
 183 184 185 186 187 188 189 190 191 192 193 194 195 196 197 198 199 200
 201  12   6  14   1   3  17  16   0   2   9   5   4   8  11  18  19  13
   7  15  10  25  20  23  24  27  31  36  21  32  35  28  38  33  29  37
  26  30  34  22]",22065014414.354298,28,4764563
23,"[ 20  21  22  23  24  25  26  27  28  29  30  31  32  33  34  35  36  37
  38  39  40  41  42  43  44  45  46  47  48  49  50  51  52  53  54  55
  56  57  58  59  60  61  62  63  64  65  66  67  68  69  70  71  72  73
  74  75  76  77  78  79  80  81  82  83  84  85  86  87  88  89  90  91
  92  93  94  95  96  97  98  99 100 101 102 103 104 105 106 107 108 109
 110 111 112 113 114 115 116 117 118 119 120 121 122 123 124 125 126 127
 128 129 130 131 132 133 134 135 136 137 138 139 140 141 142 143 144 145
 146 147 148 149 150 151 152 153 154 155 156 157 158 159 160 161 162 163
 164 165 166 167 168 169 170 171 172 173 174 175 176 177 178 179 180 181
 182 183 184 185 186 187 188 189 190 191 192 193 194 195 196 197 198 199
 200 201  12   6  14   1   3  17  16   0   2   9   5   4   8  11  18  19
  13   7  15  10]",22652915112.66328,29,4800797
24,"[ 20  21  22  23  24  25  26  27  28  29  30  31  32  33  34  35  36  37
  38  39  40  41  42  43  44  45  46  47  48  49  50  51  52  53  54  55
  56  57  58  59  60  61  62  63  64  65  66  67  68  69  70  71  72  73
  74  75  76  77  78  79  80  81  82  83  84  85  86  87  88  89  90  91
  92  93  94  95  96  97  98  99 100 101 102 103 104 105 106 107 108 109
 110 111 112 113 114 115 116 117 118 119 120 121 122 123 124 125 126 127
 128 129 130 131 132 133 134 135 136 137 138 139 140 141 142 143 144 145
 146 147 148 149 150 151 152 153 154 155 156 157 158 159 160 161 162 163
 164 165 166 167 168 169 170 171 172 173 174 175 176 177 178 179 180 181
 182 183 184 185 186 187 188 189 190 191 192 193 194 195 196 197 198 199
 200 201  12   6  14   1   3  17  16   0   2   9   5   4   8  11  18  19
  13   7  15  10]",22652915112.66328,29,4800797
25,"[ 20  21  22  23  24  25  26  27  28  29  30  31  32  33  34  35  36  37
  38  39  40  41  42  43  44  45  46  47  48  49  50  51  52  53  54  55
  56  57  58  59  60  61  62  63  64  65  66  67  68  69  70  71  72  73
  74  75  76  77  78  79  80  81  82  83  84  85  86  87  88  89  90  91
  92  93  94  95  96  97  98  99 100 101 102 103 104 105 106 107 108 109
 110 111 112 113 114 115 116 117 118 119 120 121 122 123 124 125 126 127
 128 129 130 131 132 133 134 135 136 137 138 139 140 141 142 143 144 145
 146 147 148 149 150 151 152 153 154 155 156 157 158 159 160 161 162 163
 164 165 166 167 168 169 170 171 172 173 174 175 176 177 178 179 180 181
 182 183 184 185 186 187 188 189 190 191 192 193 194 195 196 197 198 199
 200 201  12   6  14   1   3  17  16   0   2   9   5   4   8  11  18  19
  13   7  15  10]",22652915112.66328,29,4800797
26,"[ 20  21  22  23  24  25  26  27  28  29  30  31  32  33  34  35  36  37
  38  39  40  41  42  43  44  45  46  47  48  49  50  51  52  53  54  55
  56  57  58  59  60  61  62  63  64  65  66  67  68  69  70  71  72  73
  74  75  76  77  78  79  80  81  82  83  84  85  86  87  88  89  90  91
  92  93  94  95  96  97  98  99 100 101 102 103 104 105 106 107 108 109
 110 111 112 113 114 115 116 117 118 119 120 121 122 123 124 125 126 127
 128 129 130 131 132 133 134 135 136 137 138 139 140 141 142 143 144 145
 146 147 148 149 150 151 152 153 154 155 156 157 158 159 160 161 162 163
 164 165 166 167 168 169 170 171 172 173 174 175 176 177 178 179 180 181
 182 183 184 185 186 187 188 189 190 191 192 193 194 195 196 197 198 199
 200 201  12   6  14   1   3  17  16   0   2   9   5   4   8  11  18  19
  13   7  15  10]",22652915112.66328,29,4800797
27,"[ 20  21  22  23  24  25  26  27  28  29  30  31  32  33  34  35  36  37
  38  39  40  41  42  43  44  45  46  47  48  49  50  51  52  53  54  55
  56  57  58  59  60  61  62  63  64  65  66  67  68  69  70  71  72  73
  74  75  76  77  78  79  80  81  82  83  84  85  86  87  88  89  90  91
  92  93  94  95  96  97  98  99 100 101 102 103 104 105 106 107 108 109
 110 111 112 113 114 115 116 117 118 119 120 121 122 123 124 125 126 127
 128 129 130 131 132 133 134 135 136 137 138 139 140 141 142 143 144 145
 146 147 148 149 150 151 152 153 154 155 156 157 158 159 160 161 162 163
 164 165 166 167 168 169 170 171 172 173 174 175 176 177 178 179 180 181
 182 183 184 185 186 187 188 189 190 191 192 193 194 195 196 197 198 199
 200 201  12   6  14   1   3  17  16   0   2   9   5   4   8  11  18  19
  13   7  15  10]",22652915112.66328,29,4800797
28,"[ 20  21  22  23  24  25  26  27  28  29  30  31  32  33  34  35  36  37
  38  39  40  41  42  43  44  45  46  47  48  49  50  51  52  53  54  55
  56  57  58  59  60  61  62  63  64  65  66  67  68  69  70  71  72  73
  74  75  76  77  78  79  80  81  82  83  84  85  86  87  88  89  90  91
  92  93  94  95  96  97  98  99 100 101 102 103 104 105 106 107 108 109
 110 111 112 113 114 115 116 117 118 119 120 121 122 123 124 125 126 127
 128 129 130 131 132 133 134 135 136 137 138 139 140 141 142 143 144 145
 146 147 148 149 150 151 152 153 154 155 156 157 158 159 160 161 162 163
 164 165 166 167 168 169 170 171 172 173 174 175 176 177 178 179 180 181
 182 183 184 185 186 187 188 189 190 191 192 193 194 195 196 197 198 199
 200 201  12   6  14   1   3  17  16   0   2   9   5   4   8  11  18  19
  13   7  15  10]",22652915112.66328,29,4800797
29,"[ 24  25  26  27  28  29  30  31  32  33  34  35  36  37  38  39  40  41
  42  43  44  45  46  47  48  49  50  51  52  53  54  55  56  57  58  59
  60  61  62  63  64  65  66  67  68  69  70  71  72  73  74  75  76  77
  78  79  80  81  82  83  84  85  86  87  88  89  90  91  92  93  94  95
  96  97  98  99 100 101 102 103 104 105 106 107 108 109 110 111 112 113
 114 115 116 117 118 119 120 121 122 123 124 125 126 127 128 129 130 131
 132 133 134 135 136 137 138 139 140 141 142 143 144 145 146 147 148 149
 150 151 152 153 154 155 156 157 158 159 160 161 162 163 164 165 166 167
 168 169 170 171 172 173 174 175 176 177 178 179 180 181 182 183 184 185
 186 187 188 189 190 191 192 193 194 195 196 197 198 199 200 201  12   6
  14   1   3  17  16   0   2   9   5   4   8  11  18  19  13   7  15  10
  22  20  23  21]",22419418771.118126,28,4755079
30,"[ 20  21  22  23  24  25  26  27  28  29  30  31  32  33  34  35  36  37
  38  39  40  41  42  43  44  45  46  47  48  49  50  51  52  53  54  55
  56  57  58  59  60  61  62  63  64  65  66  67  68  69  70  71  72  73
  74  75  76  77  78  79  80  81  82  83  84  85  86  87  88  89  90  91
  92  93  94  95  96  97  98  99 100 101 102 103 104 105 106 107 108 109
 110 111 112 113 114 115 116 117 118 119 120 121 122 123 124 125 126 127
 128 129 130 131 132 133 134 135 136 137 138 139 140 141 142 143 144 145
 146 147 148 149 150 151 152 153 154 155 156 157 158 159 160 161 162 163
 164 165 166 167 168 169 170 171 172 173 174 175 176 177 178 179 180 181
 182 183 184 185 186 187 188 189 190 191 192 193 194 195 196 197 198 199
 200 201  12   6  14   1   3  17  16   0   2   9   5   4   8  11  18  19
  13   7  15  10]",22652915112.66328,29,4800797
31,"[ 20  21  22  23  24  25  26  27  28  29  30  31  32  33  34  35  36  37
  38  39  40  41  42  43  44  45  46  47  48  49  50  51  52  53  54  55
  56  57  58  59  60  61  62  63  64  65  66  67  68  69  70  71  72  73
  74  75  76  77  78  79  80  81  82  83  84  85  86  87  88  89  90  91
  92  93  94  95  96  97  98  99 100 101 102 103 104 105 106 107 108 109
 110 111 112 113 114 115 116 117 118 119 120 121 122 123 124 125 126 127
 128 129 130 131 132 133 134 135 136 137 138 139 140 141 142 143 144 145
 146 147 148 149 150 151 152 153 154 155 156 157 158 159 160 161 162 163
 164 165 166 167 168 169 170 171 172 173 174 175 176 177 178 179 180 181
 182 183 184 185 186 187 188 189 190 191 192 193 194 195 196 197 198 199
 200 201  12   6  14   1   3  17  16   0   2   9   5   4   8  11  18  19
  13   7  15  10]",22652915112.66328,29,4800797
32,"[ 44  20  21  22  23  24  25  26  27  28  29  30  31  32  33  34  35  36
  37  38  39  40  41  42  43  45  46  47  48  49  50  51  52  53  54  55
  56  57  58  59  60  61  62  63  64  65  66  67  68  69  70  71  72  73
  74  75  76  77  78  79  80  81  82  83  84  85  86  87  88  89  90  91
  92  93  94  95  96  97  98  99 100 101 102 103 104 105 106 107 108 109
 110 111 112 113 114 115 116 117 118 119 120 121 122 123 124 125 126 127
 128 129 130 131 132 133 134 135 136 137 138 139 140 141 142 143 144 145
 146 147 148 149 150 151 152 153 154 155 156 157 158 159 160 161 162 163
 164 165 166 167 168 169 170 171 172 173 174 175 176 177 178 179 180 181
 182 183 184 185 186 187 188 189 190 191 192 193 194 195 196 197 198 199
 200 201  12   6  14   1   3  17  16   0   2   9   5   4   8  11  18  19
  13   7  15  10]",22379798833.65803,29,4855165
33,"[ 20  21  22  23  24  25  26  27  28  29  30  31  32  33  34  35  36  37
  38  39  40  41  42  43  44  45  46  47  48  49  50  51  52  53  54  55
  56  57  58  59  60  61  62  63  64  65  66  67  68  69  70  71  72  73
  74  75  76  77  78  79  80  81  82  83  84  85  86  87  88  89  90  91
  92  93  94  95  96  97  98  99 100 101 102 103 104 105 106 107 108 109
 110 111 112 113 114 115 116 117 118 119 120 121 122 123 124 125 126 127
 128 129 130 131 132 133 134 135 136 137 138 139 140 141 142 143 144 145
 146 147 148 149 150 151 152 153 154 155 156 157 158 159 160 161 162 163
 164 165 166 167 168 169 170 171 172 173 174 175 176 177 178 179 180 181
 182 183 184 185 186 187 188 189 190 191 192 193 194 195 196 197 198 199
 200 201  12   6  14   1   3  17  16   0   2   9   5   4   8  11  18  19
  13   7  15  10]",22652915112.66328,29,4800797
34,"[ 20  21  22  23  24  25  26  27  28  29  30  31  32  33  34  35  36  37
  38  39  40  41  42  43  44  45  46  47  48  49  50  51  52  53  54  55
  56  57  58  59  60  61  62  63  64  65  66  67  68  69  70  71  72  73
  74  75  76  77  78  79  80  81  82  83  84  85  86  87  88  89  90  91
  92  93  94  95  96  97  98  99 100 101 102 103 104 105 106 107 108 109
 110 111 112 113 114 115 116 117 118 119 120 121 122 123 124 125 126 127
 128 129 130 131 132 133 134 135 136 137 138 139 140 141 142 143 144 145
 146 147 148 149 150 151 152 153 154 155 156 157 158 159 160 161 162 163
 164 165 166 167 168 169 170 171 172 173 174 175 176 177 178 179 180 181
 182 183 184 185 186 187 188 189 190 191 192 193 194 195 196 197 198 199
 200 201  12   6  14   1   3  17  16   0   2   9   5   4   8  11  18  19
  13   7  15  10]",22652915112.66328,29,4800797
35,"[ 20  21  22  23  24  25  26  27  28  29  30  31  32  33  34  35  36  37
  38  39  40  41  42  43  44  45  46  47  48  49  50  51  52  53  54  55
  56  57  58  59  60  61  62  63  64  65  66  67  68  69  70  71  72  73
  74  75  76  77  78  79  80  81  82  83  84  85  86  87  88  89  90  91
  92  93  94  95  96  97  98  99 100 101 102 103 104 105 106 107 108 109
 110 111 112 113 114 115 116 117 118 119 120 121 122 123 124 125 126 127
 128 129 130 131 132 133 134 135 136 137 138 139 140 141 142 143 144 145
 146 147 148 149 150 151 152 153 154 155 156 157 158 159 160 161 162 163
 164 165 166 167 168 169 170 171 172 173 174 175 176 177 178 179 180 181
 182 183 184 185 186 187 188 189 190 191 192 193 194 195 196 197 198 199
 200 201  12   6  14   1   3  17  16   0   2   9   5   4   8  11  18  19
  13   7  15  10]",22652915112.66328,29,4800797
36,"[ 20  21  22  23  24  25  26  27  28  29  30  31  32  33  34  35  36  37
  38  39  40  41  42  43  44  45  46  47  48  49  50  51  52  53  54  55
  56  57  58  59  60  61  62  63  64  65  66  67  68  69  70  71  72  73
  74  75  76  77  78  79  80  81  82  83  84  85  86  87  88  89  90  91
  92  93  94  95  96  97  98  99 100 101 102 103 104 105 106 107 108 109
 110 111 112 113 114 115 116 117 118 119 120 121 122 123 124 125 126 127
 128 129 130 131 132 133 134 135 136 137 138 139 140 141 142 143 144 145
 146 147 148 149 150 151 152 153 154 155 156 157 158 159 160 161 162 163
 164 165 166 167 168 169 170 171 172 173 174 175 176 177 178 179 180 181
 182 183 184 185 186 187 188 189 190 191 192 193 194 195 196 197 198 199
 200 201  12   6  14   1   3  17  16   0   2   9   5   4   8  11  18  19
  13   7  15  10]",22652915112.66328,29,4800797
37,"[ 20  21  22  23  24  25  26  27  28  29  30  31  32  33  34  35  36  37
  38  39  40  41  42  43  44  45  46  47  48  49  50  51  52  53  54  55
  56  57  58  59  60  61  62  63  64  65  66  67  68  69  70  71  72  73
  74  75  76  77  78  79  80  81  82  83  84  85  86  87  88  89  90  91
  92  93  94  95  96  97  98  99 100 101 102 103 104 105 106 107 108 109
 110 111 112 113 114 115 116 117 118 119 120 121 122 123 124 125 126 127
 128 129 130 131 132 133 134 135 136 137 138 139 140 141 142 143 144 145
 146 147 148 149 150 151 152 153 154 155 156 157 158 159 160 161 162 163
 164 165 166 167 168 169 170 171 172 173 174 175 176 177 178 179 180 181
 182 183 184 185 186 187 188 189 190 191 192 193 194 195 196 197 198 199
 200 201  12   6  14   1   3  17  16   0   2   9   5   4   8  11  18  19
  13   7  15  10]",22652915112.66328,29,4800797
38,"[ 20  21  22  23  24  25  26  27  28  29  30  31  32  33  34  35  36  37
  38  39  40  41  42  43  44  45  46  47  48  49  50  51  52  53  54  55
  56  57  58  59  60  61  62  63  64  65  66  67  68  69  70  71  72  73
  74  75  76  77  78  79  80  81  82  83  84  85  86  87  88  89  90  91
  92  93  94  95  96  97  98  99 100 101 102 103 104 105 106 107 108 109
 110 111 112 113 114 115 116 117 118 119 120 121 122 123 124 125 126 127
 128 129 130 131 132 133 134 135 136 137 138 139 140 141 142 143 144 145
 146 147 148 149 150 151 152 153 154 155 156 157 158 159 160 161 162 163
 164 165 166 167 168 169 170 171 172 173 174 175 176 177 178 179 180 181
 182 183 184 185 186 187 188 189 190 191 192 193 194 195 196 197 198 199
 200 201  12   6  14   1   3  17  16   0   2   9   5   4   8  11  18  19
  13   7  15  10]",22652915112.66328,29,4800797
39,"[ 20  21  22  23  24  25  26  27  28  29  30  31  32  33  34  35  36  37
  38  39  40  41  42  43  44  45  46  47  48  49  50  51  52  53  54  55
  56  57  58  59  60  61  62  63  64  65  66  67  68  69  70  71  72  73
  74  75  76  77  78  79  80  81  82  83  84  85  86  87  88  89  90  91
  92  93  94  95  96  97  98  99 100 101 102 103 104 105 106 107 108 109
 110 111 112 113 114 115 116 117 118 119 120 121 122 123 124 125 126 127
 128 129 130 131 132 133 134 135 136 137 138 139 140 141 142 143 144 145
 146 147 148 149 150 151 152 153 154 155 156 157 158 159 160 161 162 163
 164 165 166 167 168 169 170 171 172 173 174 175 176 177 178 179 180 181
 182 183 184 185 186 187 188 189 190 191 192 193 194 195 196 197 198 199
 200 201  12   6  14   1   3  17  16   0   2   9   5   4   8  11  18  19
  13   7  15  10]",22652915112.66328,29,4800797
40,"[ 20  21  22  23  24  25  26  27  28  29  30  31  32  33  34  35  36  37
  38  39  40  41  42  43  44  45  46  47  48  49  50  51  52  53  54  55
  56  57  58  59  60  61  62  63  64  65  66  67  68  69  70  71  72  73
  74  75  76  77  78  79  80  81  82  83  84  85  86  87  88  89  90  91
  92  93  94  95  96  97  98  99 100 101 102 103 104 105 106 107 108 109
 110 111 112 113 114 115 116 117 118 119 120 121 122 123 124 125 126 127
 128 129 130 131 132 133 134 135 136 137 138 139 140 141 142 143 144 145
 146 147 148 149 150 151 152 153 154 155 156 157 158 159 160 161 162 163
 164 165 166 167 168 169 170 171 172 173 174 175 176 177 178 179 180 181
 182 183 184 185 186 187 188 189 190 191 192 193 194 195 196 197 198 199
 200 201  12   6  14   1   3  17  16   0   2   9   5   4   8  11  18  19
  13   7  15  10]",22652915112.66328,29,4800797
41,"[113  82   7  72   0  20  21  22  23  24  25  26  27  28  29  30  31  32
  33  34  35  36  37  38  39  40  41  42  43  44  45  46  47  48  49  50
  51  52  53  54  55  56  57  58  59  60  61  62  63  64  65  66  67  68
  69  70  71  73  74  75  76  77  78  79  80  81  83  84  85  86  87  88
  89  90  91  92  93  94  95  96  97  98  99 100 101 102 103 104 105 106
 107 108 109 110 111 112 114 115 116 117 118 119 120 121 122 123 124 125
 126 127 128 129 130 131 132 133 134 135 136 137 138 139 140 141 142 143
 144 145 146 147 148 149 150 151 152 153 154 155 156 157 158 159 160 161
 162 163 164 165 166 167 168 169 170 171 172 173 174 175 176 177 178 179
 180 181 182 183 184 185 186 187 188 189 190 191 192 193 194 195 196 197
 198 199 200 201  12   6  14   1   3  17  16   2   9   5   4   8  11  18
  19  13  15  10]",22628139195.86088,29,4847313
42,"[ 20  21  22  23  24  25  26  27  28  29  30  31  32  33  34  35  36  37
  38  39  40  41  42  43  44  45  46  47  48  49  50  51  52  53  54  55
  56  57  58  59  60  61  62  63  64  65  66  67  68  69  70  71  72  73
  74  75  76  77  78  79  80  81  82  83  84  85  86  87  88  89  90  91
  92  93  94  95  96  97  98  99 100 101 102 103 104 105 106 107 108 109
 110 111 112 113 114 115 116 117 118 119 120 121 122 123 124 125 126 127
 128 129 130 131 132 133 134 135 136 137 138 139 140 141 142 143 144 145
 146 147 148 149 150 151 152 153 154 155 156 157 158 159 160 161 162 163
 164 165 166 167 168 169 170 171 172 173 174 175 176 177 178 179 180 181
 182 183 184 185 186 187 188 189 190 191 192 193 194 195 196 197 198 199
 200 201  12   6  14   1   3  17  16   0   2   9   5   4   8  11  18  19
  13   7  15  10]",22652915112.66328,29,4800797
43,"[ 20  21  22  23  24  25  26  27  28  29  30  31  32  33  34  35  36  37
  38  39  40  41  42  43  44  45  46  47  48  49  50  51  52  53  54  55
  56  57  58  59  60  61  62  63  64  65  66  67  68  69  70  71  72  73
  74  75  76  77  78  79  80  81  82  83  84  85  86  87  88  89  90  91
  92  93  94  95  96  97  98  99 100 101 102 103 104 105 106 107 108 109
 110 111 112 113 114 115 116 117 118 119 120 121 122 123 124 125 126 127
 128 129 130 131 132 133 134 135 136 137 138 139 140 141 142 143 144 145
 146 147 148 149 150 151 152 153 154 155 156 157 158 159 160 161 162 163
 164 165 166 167 168 169 170 171 172 173 174 175 176 177 178 179 180 181
 182 183 184 185 186 187 188 189 190 191 192 193 194 195 196 197 198 199
 200 201  12   6  14   1   3  17  16   0   2   9   5   4   8  11  18  19
  13   7  15  10]",22652915112.66328,29,4800797
44,"[ 26  27  28  29  30  31  32  33  34  35  36  37  38  39  40  41  42  43
  44  45  46  47  48  49  50  51  52  53  54  55  56  57  58  59  60  61
  62  63  64  65  66  67  68  69  70  71  72  73  74  75  76  77  78  79
  80  81  82  83  84  85  86  87  88  89  90  91  92  93  94  95  96  97
  98  99 100 101 102 103 104 105 106 107 108 109 110 111 112 113 114 115
 116 117 118 119 120 121 122 123 124 125 126 127 128 129 130 131 132 133
 134 135 136 137 138 139 140 141 142 143 144 145 146 147 148 149 150 151
 152 153 154 155 156 157 158 159 160 161 162 163 164 165 166 167 168 169
 170 171 172 173 174 175 176 177 178 179 180 181 182 183 184 185 186 187
 188 189 190 191 192 193 194 195 196 197 198 199 200 201  12   6  14   1
   3  17  16   0   2   9   5   4   8  11  18  19  13   7  15  10  24  21
  23  20  25  22]",22629547226.286995,28,4835825
45,"[ 24  25  26  27  28  29  30  31  32  33  34  35  36  37  38  39  40  41
  42  43  44  45  46  47  48  49  50  51  52  53  54  55  56  57  58  59
  60  61  62  63  64  65  66  67  68  69  70  71  72  73  74  75  76  77
  78  79  80  81  82  83  84  85  86  87  88  89  90  91  92  93  94  95
  96  97  98  99 100 101 102 103 104 105 106 107 108 109 110 111 112 113
 114 115 116 117 118 119 120 121 122 123 124 125 126 127 128 129 130 131
 132 133 134 135 136 137 138 139 140 141 142 143 144 145 146 147 148 149
 150 151 152 153 154 155 156 157 158 159 160 161 162 163 164 165 166 167
 168 169 170 171 172 173 174 175 176 177 178 179 180 181 182 183 184 185
 186 187 188 189 190 191 192 193 194 195 196 197 198 199 200 201  12   6
  14   1   3  17  16   0   2   9   5   4   8  11  18  19  13   7  15  10
  20  22  23  21]",22339078241.70428,28,4725779
46,"[ 20  21  22  23  24  25  26  27  28  29  30  31  32  33  34  35  36  37
  38  39  40  41  42  43  44  45  46  47  48  49  50  51  52  53  54  55
  56  57  58  59  60  61  62  63  64  65  66  67  68  69  70  71  72  73
  74  75  76  77  78  79  80  81  82  83  84  85  86  87  88  89  90  91
  92  93  94  95  96  97  98  99 100 101 102 103 104 105 106 107 108 109
 110 111 112 113 114 115 116 117 118 119 120 121 122 123 124 125 126 127
 128 129 130 131 132 133 134 135 136 137 138 139 140 141 142 143 144 145
 146 147 148 149 150 151 152 153 154 155 156 157 158 159 160 161 162 163
 164 165 166 167 168 169 170 171 172 173 174 175 176 177 178 179 180 181
 182 183 184 185 186 187 188 189 190 191 192 193 194 195 196 197 198 199
 200 201  12   6  14   1   3  17  16   0   2   9   5   4   8  11  18  19
  13   7  15  10]",22652915112.66328,29,4800797
47,"[ 20  21  22  23  24  25  26  27  28  29  30  31  32  33  34  35  36  37
  38  39  40  41  42  43  44  45  46  47  48  49  50  51  52  53  54  55
  56  57  58  59  60  61  62  63  64  65  66  67  68  69  70  71  72  73
  74  75  76  77  78  79  80  81  82  83  84  85  86  87  88  89  90  91
  92  93  94  95  96  97  98  99 100 101 102 103 104 105 106 107 108 109
 110 111 112 113 114 115 116 117 118 119 120 121 122 123 124 125 126 127
 128 129 130 131 132 133 134 135 136 137 138 139 140 141 142 143 144 145
 146 147 148 149 150 151 152 153 154 155 156 157 158 159 160 161 162 163
 164 165 166 167 168 169 170 171 172 173 174 175 176 177 178 179 180 181
 182 183 184 185 186 187 188 189 190 191 192 193 194 195 196 197 198 199
 200 201  12   6  14   1   3  17  16   0   2   9   5   4   8  11  18  19
  13   7  15  10]",22652915112.66328,29,4800797
48,"[ 20  21  22  23  24  25  26  27  28  29  30  31  32  33  34  35  36  37
  38  39  40  41  42  43  44  45  46  47  48  49  50  51  52  53  54  55
  56  57  58  59  60  61  62  63  64  65  66  67  68  69  70  71  72  73
  74  75  76  77  78  79  80  81  82  83  84  85  86  87  88  89  90  91
  92  93  94  95  96  97  98  99 100 101 102 103 104 105 106 107 108 109
 110 111 112 113 114 115 116 117 118 119 120 121 122 123 124 125 126 127
 128 129 130 131 132 133 134 135 136 137 138 139 140 141 142 143 144 145
 146 147 148 149 150 151 152 153 154 155 156 157 158 159 160 161 162 163
 164 165 166 167 168 169 170 171 172 173 174 175 176 177 178 179 180 181
 182 183 184 185 186 187 188 189 190 191 192 193 194 195 196 197 198 199
 200 201  12   6  14   1   3  17  16   0   2   9   5   4   8  11  18  19
  13   7  15  10]",22652915112.66328,29,4800797
49,"[ 20  21  22  23  24  25  26  27  28  29  30  31  32  33  34  35  36  37
  38  39  40  41  42  43  44  45  46  47  48  49  50  51  52  53  54  55
  56  57  58  59  60  61  62  63  64  65  66  67  68  69  70  71  72  73
  74  75  76  77  78  79  80  81  82  83  84  85  86  87  88  89  90  91
  92  93  94  95  96  97  98  99 100 101 102 103 104 105 106 107 108 109
 110 111 112 113 114 115 116 117 118 119 120 121 122 123 124 125 126 127
 128 129 130 131 132 133 134 135 136 137 138 139 140 141 142 143 144 145
 146 147 148 149 150 151 152 153 154 155 156 157 158 159 160 161 162 163
 164 165 166 167 168 169 170 171 172 173 174 175 176 177 178 179 180 181
 182 183 184 185 186 187 188 189 190 191 192 193 194 195 196 197 198 199
 200 201  12   6  14   1   3  17  16   0   2   9   5   4   8  11  18  19
  13   7  15  10]",22652915112.66328,29,4800797
50,"[ 20  21  22  23  24  25  26  27  28  29  30  31  32  33  34  35  36  37
  38  39  40  41  42  43  44  45  46  47  48  49  50  51  52  53  54  55
  56  57  58  59  60  61  62  63  64  65  66  67  68  69  70  71  72  73
  74  75  76  77  78  79  80  81  82  83  84  85  86  87  88  89  90  91
  92  93  94  95  96  97  98  99 100 101 102 103 104 105 106 107 108 109
 110 111 112 113 114 115 116 117 118 119 120 121 122 123 124 125 126 127
 128 129 130 131 132 133 134 135 136 137 138 139 140 141 142 143 144 145
 146 147 148 149 150 151 152 153 154 155 156 157 158 159 160 161 162 163
 164 165 166 167 168 169 170 171 172 173 174 175 176 177 178 179 180 181
 182 183 184 185 186 187 188 189 190 191 192 193 194 195 196 197 198 199
 200 201  12   6  14   1   3  17  16   0   2   9   5   4   8  11  18  19
  13   7  15  10]",22652915112.66328,29,4800797
51,"[ 20  21  22  23  24  25  26  27  28  29  30  31  32  33  34  35  36  37
  38  39  40  41  42  43  44  45  46  47  48  49  50  51  52  53  54  55
  56  57  58  59  60  61  62  63  64  65  66  67  68  69  70  71  72  73
  74  75  76  77  78  79  80  81  82  83  84  85  86  87  88  89  90  91
  92  93  94  95  96  97  98  99 100 101 102 103 104 105 106 107 108 109
 110 111 112 113 114 115 116 117 118 119 120 121 122 123 124 125 126 127
 128 129 130 131 132 133 134 135 136 137 138 139 140 141 142 143 144 145
 146 147 148 149 150 151 152 153 154 155 156 157 158 159 160 161 162 163
 164 165 166 167 168 169 170 171 172 173 174 175 176 177 178 179 180 181
 182 183 184 185 186 187 188 189 190 191 192 193 194 195 196 197 198 199
 200 201  12   6  14   1   3  17  16   0   2   9   5   4   8  11  18  19
  13   7  15  10]",22652915112.66328,29,4800797
52,"[ 20  21  22  23  24  25  26  27  28  29  30  31  32  33  34  35  36  37
  38  39  40  41  42  43  44  45  46  47  48  49  50  51  52  53  54  55
  56  57  58  59  60  61  62  63  64  65  66  67  68  69  70  71  72  73
  74  75  76  77  78  79  80  81  82  83  84  85  86  87  88  89  90  91
  92  93  94  95  96  97  98  99 100 101 102 103 104 105 106 107 108 109
 110 111 112 113 114 115 116 117 118 119 120 121 122 123 124 125 126 127
 128 129 130 131 132 133 134 135 136 137 138 139 140 141 142 143 144 145
 146 147 148 149 150 151 152 153 154 155 156 157 158 159 160 161 162 163
 164 165 166 167 168 169 170 171 172 173 174 175 176 177 178 179 180 181
 182 183 184 185 186 187 188 189 190 191 192 193 194 195 196 197 198 199
 200 201  12   6  14   1   3  17  16   0   2   9   5   4   8  11  18  19
  13   7  15  10]",22652915112.66328,29,4800797
53,"[ 20  21  22  23  24  25  26  27  28  29  30  31  32  33  34  35  36  37
  38  39  40  41  42  43  44  45  46  47  48  49  50  51  52  53  54  55
  56  57  58  59  60  61  62  63  64  65  66  67  68  69  70  71  72  73
  74  75  76  77  78  79  80  81  82  83  84  85  86  87  88  89  90  91
  92  93  94  95  96  97  98  99 100 101 102 103 104 105 106 107 108 109
 110 111 112 113 114 115 116 117 118 119 120 121 122 123 124 125 126 127
 128 129 130 131 132 133 134 135 136 137 138 139 140 141 142 143 144 145
 146 147 148 149 150 151 152 153 154 155 156 157 158 159 160 161 162 163
 164 165 166 167 168 169 170 171 172 173 174 175 176 177 178 179 180 181
 182 183 184 185 186 187 188 189 190 191 192 193 194 195 196 197 198 199
 200 201  12   6  14   1   3  17  16   0   2   9   5   4   8  11  18  19
  13   7  15  10]",22652915112.66328,29,4800797
54,"[ 29  30  31  32  33  34  35  36  37  38  39  40  41  42  43  44  45  46
  47  48  49  50  51  52  53  54  55  56  57  58  59  60  61  62  63  64
  65  66  67  68  69  70  71  72  73  74  75  76  77  78  79  80  81  82
  83  84  85  86  87  88  89  90  91  92  93  94  95  96  97  98  99 100
 101 102 103 104 105 106 107 108 109 110 111 112 113 114 115 116 117 118
 119 120 121 122 123 124 125 126 127 128 129 130 131 132 133 134 135 136
 137 138 139 140 141 142 143 144 145 146 147 148 149 150 151 152 153 154
 155 156 157 158 159 160 161 162 163 164 165 166 167 168 169 170 171 172
 173 174 175 176 177 178 179 180 181 182 183 184 185 186 187 188 189 190
 191 192 193 194 195 196 197 198 199 200 201  12   6  14   1   3  17  16
   0   2   9   5   4   8  11  18  19  13   7  15  10  24  23  21  20  28
  27  22  26  25]",22401456889.45894,28,4723068
55,"[ 23  24  25  26  27  28  29  30  31  32  33  34  35  36  37  38  39  40
  41  42  43  44  45  46  47  48  49  50  51  52  53  54  55  56  57  58
  59  60  61  62  63  64  65  66  67  68  69  70  71  72  73  74  75  76
  77  78  79  80  81  82  83  84  85  86  87  88  89  90  91  92  93  94
  95  96  97  98  99 100 101 102 103 104 105 106 107 108 109 110 111 112
 113 114 115 116 117 118 119 120 121 122 123 124 125 126 127 128 129 130
 131 132 133 134 135 136 137 138 139 140 141 142 143 144 145 146 147 148
 149 150 151 152 153 154 155 156 157 158 159 160 161 162 163 164 165 166
 167 168 169 170 171 172 173 174 175 176 177 178 179 180 181 182 183 184
 185 186 187 188 189 190 191 192 193 194 195 196 197 198 199 200 201  12
   6  14   1   3  17  16   0   2   9   5   4   8  11  18  19  13   7  15
  10  21  20  22]",22548406002.87615,28,4715095
56,"[ 20  21  22  23  24  25  26  27  28  29  30  31  32  33  34  35  36  37
  38  39  40  41  42  43  44  45  46  47  48  49  50  51  52  53  54  55
  56  57  58  59  60  61  62  63  64  65  66  67  68  69  70  71  72  73
  74  75  76  77  78  79  80  81  82  83  84  85  86  87  88  89  90  91
  92  93  94  95  96  97  98  99 100 101 102 103 104 105 106 107 108 109
 110 111 112 113 114 115 116 117 118 119 120 121 122 123 124 125 126 127
 128 129 130 131 132 133 134 135 136 137 138 139 140 141 142 143 144 145
 146 147 148 149 150 151 152 153 154 155 156 157 158 159 160 161 162 163
 164 165 166 167 168 169 170 171 172 173 174 175 176 177 178 179 180 181
 182 183 184 185 186 187 188 189 190 191 192 193 194 195 196 197 198 199
 200 201  12   6  14   1   3  17  16   0   2   9   5   4   8  11  18  19
  13   7  15  10]",22652915112.66328,29,4800797
57,"[ 20  21  22  23  24  25  26  27  28  29  30  31  32  33  34  35  36  37
  38  39  40  41  42  43  44  45  46  47  48  49  50  51  52  53  54  55
  56  57  58  59  60  61  62  63  64  65  66  67  68  69  70  71  72  73
  74  75  76  77  78  79  80  81  82  83  84  85  86  87  88  89  90  91
  92  93  94  95  96  97  98  99 100 101 102 103 104 105 106 107 108 109
 110 111 112 113 114 115 116 117 118 119 120 121 122 123 124 125 126 127
 128 129 130 131 132 133 134 135 136 137 138 139 140 141 142 143 144 145
 146 147 148 149 150 151 152 153 154 155 156 157 158 159 160 161 162 163
 164 165 166 167 168 169 170 171 172 173 174 175 176 177 178 179 180 181
 182 183 184 185 186 187 188 189 190 191 192 193 194 195 196 197 198 199
 200 201  12   6  14   1   3  17  16   0   2   9   5   4   8  11  18  19
  13   7  15  10]",22652915112.66328,29,4800797
58,"[ 20  21  22  23  24  25  26  27  28  29  30  31  32  33  34  35  36  37
  38  39  40  41  42  43  44  45  46  47  48  49  50  51  52  53  54  55
  56  57  58  59  60  61  62  63  64  65  66  67  68  69  70  71  72  73
  74  75  76  77  78  79  80  81  82  83  84  85  86  87  88  89  90  91
  92  93  94  95  96  97  98  99 100 101 102 103 104 105 106 107 108 109
 110 111 112 113 114 115 116 117 118 119 120 121 122 123 124 125 126 127
 128 129 130 131 132 133 134 135 136 137 138 139 140 141 142 143 144 145
 146 147 148 149 150 151 152 153 154 155 156 157 158 159 160 161 162 163
 164 165 166 167 168 169 170 171 172 173 174 175 176 177 178 179 180 181
 182 183 184 185 186 187 188 189 190 191 192 193 194 195 196 197 198 199
 200 201  12   6  14   1   3  17  16   0   2   9   5   4   8  11  18  19
  13   7  15  10]",22652915112.66328,29,4800797
59,"[ 20  21  22  23  24  25  26  27  28  29  30  31  32  33  34  35  36  37
  38  39  40  41  42  43  44  45  46  47  48  49  50  51  52  53  54  55
  56  57  58  59  60  61  62  63  64  65  66  67  68  69  70  71  72  73
  74  75  76  77  78  79  80  81  82  83  84  85  86  87  88  89  90  91
  92  93  94  95  96  97  98  99 100 101 102 103 104 105 106 107 108 109
 110 111 112 113 114 115 116 117 118 119 120 121 122 123 124 125 126 127
 128 129 130 131 132 133 134 135 136 137 138 139 140 141 142 143 144 145
 146 147 148 149 150 151 152 153 154 155 156 157 158 159 160 161 162 163
 164 165 166 167 168 169 170 171 172 173 174 175 176 177 178 179 180 181
 182 183 184 185 186 187 188 189 190 191 192 193 194 195 196 197 198 199
 200 201  12   6  14   1   3  17  16   0   2   9   5   4   8  11  18  19
  13   7  15  10]",22652915112.66328,29,4800797
60,"[ 20  21  22  23  24  25  26  27  28  29  30  31  32  33  34  35  36  37
  38  39  40  41  42  43  44  45  46  47  48  49  50  51  52  53  54  55
  56  57  58  59  60  61  62  63  64  65  66  67  68  69  70  71  72  73
  74  75  76  77  78  79  80  81  82  83  84  85  86  87  88  89  90  91
  92  93  94  95  96  97  98  99 100 101 102 103 104 105 106 107 108 109
 110 111 112 113 114 115 116 117 118 119 120 121 122 123 124 125 126 127
 128 129 130 131 132 133 134 135 136 137 138 139 140 141 142 143 144 145
 146 147 148 149 150 151 152 153 154 155 156 157 158 159 160 161 162 163
 164 165 166 167 168 169 170 171 172 173 174 175 176 177 178 179 180 181
 182 183 184 185 186 187 188 189 190 191 192 193 194 195 196 197 198 199
 200 201  12   6  14   1   3  17  16   0   2   9   5   4   8  11  18  19
  13   7  15  10]",22652915112.66328,29,4800797
61,"[ 20  21  22  23  24  25  26  27  28  29  30  31  32  33  34  35  36  37
  38  39  40  41  42  43  44  45  46  47  48  49  50  51  52  53  54  55
  56  57  58  59  60  61  62  63  64  65  66  67  68  69  70  71  72  73
  74  75  76  77  78  79  80  81  82  83  84  85  86  87  88  89  90  91
  92  93  94  95  96  97  98  99 100 101 102 103 104 105 106 107 108 109
 110 111 112 113 114 115 116 117 118 119 120 121 122 123 124 125 126 127
 128 129 130 131 132 133 134 135 136 137 138 139 140 141 142 143 144 145
 146 147 148 149 150 151 152 153 154 155 156 157 158 159 160 161 162 163
 164 165 166 167 168 169 170 171 172 173 174 175 176 177 178 179 180 181
 182 183 184 185 186 187 188 189 190 191 192 193 194 195 196 197 198 199
 200 201  12   6  14   1   3  17  16   0   2   9   5   4   8  11  18  19
  13   7  15  10]",22652915112.66328,29,4800797
62,"[ 20  21  22  23  24  25  26  27  28  29  30  31  32  33  34  35  36  37
  38  39  40  41  42  43  44  45  46  47  48  49  50  51  52  53  54  55
  56  57  58  59  60  61  62  63  64  65  66  67  68  69  70  71  72  73
  74  75  76  77  78  79  80  81  82  83  84  85  86  87  88  89  90  91
  92  93  94  95  96  97  98  99 100 101 102 103 104 105 106 107 108 109
 110 111 112 113 114 115 116 117 118 119 120 121 122 123 124 125 126 127
 128 129 130 131 132 133 134 135 136 137 138 139 140 141 142 143 144 145
 146 147 148 149 150 151 152 153 154 155 156 157 158 159 160 161 162 163
 164 165 166 167 168 169 170 171 172 173 174 175 176 177 178 179 180 181
 182 183 184 185 186 187 188 189 190 191 192 193 194 195 196 197 198 199
 200 201  12   6  14   1   3  17  16   0   2   9   5   4   8  11  18  19
  13   7  15  10]",22652915112.66328,29,4800797
63,"[ 20  21  22  23  24  25  26  27  28  29  30  31  32  33  34  35  36  37
  38  39  40  41  42  43  44  45  46  47  48  49  50  51  52  53  54  55
  56  57  58  59  60  61  62  63  64  65  66  67  68  69  70  71  72  73
  74  75  76  77  78  79  80  81  82  83  84  85  86  87  88  89  90  91
  92  93  94  95  96  97  98  99 100 101 102 103 104 105 106 107 108 109
 110 111 112 113 114 115 116 117 118 119 120 121 122 123 124 125 126 127
 128 129 130 131 132 133 134 135 136 137 138 139 140 141 142 143 144 145
 146 147 148 149 150 151 152 153 154 155 156 157 158 159 160 161 162 163
 164 165 166 167 168 169 170 171 172 173 174 175 176 177 178 179 180 181
 182 183 184 185 186 187 188 189 190 191 192 193 194 195 196 197 198 199
 200 201  12   6  14   1   3  17  16   0   2   9   5   4   8  11  18  19
  13   7  15  10]",22652915112.66328,29,4800797
64,"[ 20  21  22  23  24  25  26  27  28  29  30  31  32  33  34  35  36  37
  38  39  40  41  42  43  44  45  46  47  48  49  50  51  52  53  54  55
  56  57  58  59  60  61  62  63  64  65  66  67  68  69  70  71  72  73
  74  75  76  77  78  79  80  81  82  83  84  85  86  87  88  89  90  91
  92  93  94  95  96  97  98  99 100 101 102 103 104 105 106 107 108 109
 110 111 112 113 114 115 116 117 118 119 120 121 122 123 124 125 126 127
 128 129 130 131 132 133 134 135 136 137 138 139 140 141 142 143 144 145
 146 147 148 149 150 151 152 153 154 155 156 157 158 159 160 161 162 163
 164 165 166 167 168 169 170 171 172 173 174 175 176 177 178 179 180 181
 182 183 184 185 186 187 188 189 190 191 192 193 194 195 196 197 198 199
 200 201  12   6  14   1   3  17  16   0   2   9   5   4   8  11  18  19
  13   7  15  10]",22652915112.66328,29,4800797
65,"[ 20  21  22  23  24  25  26  27  28  29  30  31  32  33  34  35  36  37
  38  39  40  41  42  43  44  45  46  47  48  49  50  51  52  53  54  55
  56  57  58  59  60  61  62  63  64  65  66  67  68  69  70  71  72  73
  74  75  76  77  78  79  80  81  82  83  84  85  86  87  88  89  90  91
  92  93  94  95  96  97  98  99 100 101 102 103 104 105 106 107 108 109
 110 111 112 113 114 115 116 117 118 119 120 121 122 123 124 125 126 127
 128 129 130 131 132 133 134 135 136 137 138 139 140 141 142 143 144 145
 146 147 148 149 150 151 152 153 154 155 156 157 158 159 160 161 162 163
 164 165 166 167 168 169 170 171 172 173 174 175 176 177 178 179 180 181
 182 183 184 185 186 187 188 189 190 191 192 193 194 195 196 197 198 199
 200 201  12   6  14   1   3  17  16   0   2   9   5   4   8  11  18  19
  13   7  15  10]",22652915112.66328,29,4800797
66,"[ 20  21  22  23  24  25  26  27  28  29  30  31  32  33  34  35  36  37
  38  39  40  41  42  43  44  45  46  47  48  49  50  51  52  53  54  55
  56  57  58  59  60  61  62  63  64  65  66  67  68  69  70  71  72  73
  74  75  76  77  78  79  80  81  82  83  84  85  86  87  88  89  90  91
  92  93  94  95  96  97  98  99 100 101 102 103 104 105 106 107 108 109
 110 111 112 113 114 115 116 117 118 119 120 121 122 123 124 125 126 127
 128 129 130 131 132 133 134 135 136 137 138 139 140 141 142 143 144 145
 146 147 148 149 150 151 152 153 154 155 156 157 158 159 160 161 162 163
 164 165 166 167 168 169 170 171 172 173 174 175 176 177 178 179 180 181
 182 183 184 185 186 187 188 189 190 191 192 193 194 195 196 197 198 199
 200 201  12   6  14   1   3  17  16   0   2   9   5   4   8  11  18  19
  13   7  15  10]",22652915112.66328,29,4800797
67,"[ 20  21  22  23  24  25  26  27  28  29  30  31  32  33  34  35  36  37
  38  39  40  41  42  43  44  45  46  47  48  49  50  51  52  53  54  55
  56  57  58  59  60  61  62  63  64  65  66  67  68  69  70  71  72  73
  74  75  76  77  78  79  80  81  82  83  84  85  86  87  88  89  90  91
  92  93  94  95  96  97  98  99 100 101 102 103 104 105 106 107 108 109
 110 111 112 113 114 115 116 117 118 119 120 121 122 123 124 125 126 127
 128 129 130 131 132 133 134 135 136 137 138 139 140 141 142 143 144 145
 146 147 148 149 150 151 152 153 154 155 156 157 158 159 160 161 162 163
 164 165 166 167 168 169 170 171 172 173 174 175 176 177 178 179 180 181
 182 183 184 185 186 187 188 189 190 191 192 193 194 195 196 197 198 199
 200 201  12   6  14   1   3  17  16   0   2   9   5   4   8  11  18  19
  13   7  15  10]",22652915112.66328,29,4800797
68,"[ 20  21  22  23  24  25  26  27  28  29  30  31  32  33  34  35  36  37
  38  39  40  41  42  43  44  45  46  47  48  49  50  51  52  53  54  55
  56  57  58  59  60  61  62  63  64  65  66  67  68  69  70  71  72  73
  74  75  76  77  78  79  80  81  82  83  84  85  86  87  88  89  90  91
  92  93  94  95  96  97  98  99 100 101 102 103 104 105 106 107 108 109
 110 111 112 113 114 115 116 117 118 119 120 121 122 123 124 125 126 127
 128 129 130 131 132 133 134 135 136 137 138 139 140 141 142 143 144 145
 146 147 148 149 150 151 152 153 154 155 156 157 158 159 160 161 162 163
 164 165 166 167 168 169 170 171 172 173 174 175 176 177 178 179 180 181
 182 183 184 185 186 187 188 189 190 191 192 193 194 195 196 197 198 199
 200 201  12   6  14   1   3  17  16   0   2   9   5   4   8  11  18  19
  13   7  15  10]",22652915112.66328,29,4800797
69,"[ 20  21  22  23  24  25  26  27  28  29  30  31  32  33  34  35  36  37
  38  39  40  41  42  43  44  45  46  47  48  49  50  51  52  53  54  55
  56  57  58  59  60  61  62  63  64  65  66  67  68  69  70  71  72  73
  74  75  76  77  78  79  80  81  82  83  84  85  86  87  88  89  90  91
  92  93  94  95  96  97  98  99 100 101 102 103 104 105 106 107 108 109
 110 111 112 113 114 115 116 117 118 119 120 121 122 123 124 125 126 127
 128 129 130 131 132 133 134 135 136 137 138 139 140 141 142 143 144 145
 146 147 148 149 150 151 152 153 154 155 156 157 158 159 160 161 162 163
 164 165 166 167 168 169 170 171 172 173 174 175 176 177 178 179 180 181
 182 183 184 185 186 187 188 189 190 191 192 193 194 195 196 197 198 199
 200 201  12   6  14   1   3  17  16   0   2   9   5   4   8  11  18  19
  13   7  15  10]",22652915112.66328,29,4800797
70,"[ 20  21  22  23  24  25  26  27  28  29  30  31  32  33  34  35  36  37
  38  39  40  41  42  43  44  45  46  47  48  49  50  51  52  53  54  55
  56  57  58  59  60  61  62  63  64  65  66  67  68  69  70  71  72  73
  74  75  76  77  78  79  80  81  82  83  84  85  86  87  88  89  90  91
  92  93  94  95  96  97  98  99 100 101 102 103 104 105 106 107 108 109
 110 111 112 113 114 115 116 117 118 119 120 121 122 123 124 125 126 127
 128 129 130 131 132 133 134 135 136 137 138 139 140 141 142 143 144 145
 146 147 148 149 150 151 152 153 154 155 156 157 158 159 160 161 162 163
 164 165 166 167 168 169 170 171 172 173 174 175 176 177 178 179 180 181
 182 183 184 185 186 187 188 189 190 191 192 193 194 195 196 197 198 199
 200 201  12   6  14   1   3  17  16   0   2   9   5   4   8  11  18  19
  13   7  15  10]",22652915112.66328,29,4800797
71,"[ 20  21  22  23  24  25  26  27  28  29  30  31  32  33  34  35  36  37
  38  39  40  41  42  43  44  45  46  47  48  49  50  51  52  53  54  55
  56  57  58  59  60  61  62  63  64  65  66  67  68  69  70  71  72  73
  74  75  76  77  78  79  80  81  82  83  84  85  86  87  88  89  90  91
  92  93  94  95  96  97  98  99 100 101 102 103 104 105 106 107 108 109
 110 111 112 113 114 115 116 117 118 119 120 121 122 123 124 125 126 127
 128 129 130 131 132 133 134 135 136 137 138 139 140 141 142 143 144 145
 146 147 148 149 150 151 152 153 154 155 156 157 158 159 160 161 162 163
 164 165 166 167 168 169 170 171 172 173 174 175 176 177 178 179 180 181
 182 183 184 185 186 187 188 189 190 191 192 193 194 195 196 197 198 199
 200 201  12   6  14   1   3  17  16   0   2   9   5   4   8  11  18  19
  13   7  15  10]",22652915112.66328,29,4800797
72,"[ 20  21  22  23  24  25  26  27  28  29  30  31  32  33  34  35  36  37
  38  39  40  41  42  43  44  45  46  47  48  49  50  51  52  53  54  55
  56  57  58  59  60  61  62  63  64  65  66  67  68  69  70  71  72  73
  74  75  76  77  78  79  80  81  82  83  84  85  86  87  88  89  90  91
  92  93  94  95  96  97  98  99 100 101 102 103 104 105 106 107 108 109
 110 111 112 113 114 115 116 117 118 119 120 121 122 123 124 125 126 127
 128 129 130 131 132 133 134 135 136 137 138 139 140 141 142 143 144 145
 146 147 148 149 150 151 152 153 154 155 156 157 158 159 160 161 162 163
 164 165 166 167 168 169 170 171 172 173 174 175 176 177 178 179 180 181
 182 183 184 185 186 187 188 189 190 191 192 193 194 195 196 197 198 199
 200 201  12   6  14   1   3  17  16   0   2   9   5   4   8  11  18  19
  13   7  15  10]",22652915112.66328,29,4800797
73,"[ 20  21  22  23  24  25  26  27  28  29  30  31  32  33  34  35  36  37
  38  39  40  41  42  43  44  45  46  47  48  49  50  51  52  53  54  55
  56  57  58  59  60  61  62  63  64  65  66  67  68  69  70  71  72  73
  74  75  76  77  78  79  80  81  82  83  84  85  86  87  88  89  90  91
  92  93  94  95  96  97  98  99 100 101 102 103 104 105 106 107 108 109
 110 111 112 113 114 115 116 117 118 119 120 121 122 123 124 125 126 127
 128 129 130 131 132 133 134 135 136 137 138 139 140 141 142 143 144 145
 146 147 148 149 150 151 152 153 154 155 156 157 158 159 160 161 162 163
 164 165 166 167 168 169 170 171 172 173 174 175 176 177 178 179 180 181
 182 183 184 185 186 187 188 189 190 191 192 193 194 195 196 197 198 199
 200 201  12   6  14   1   3  17  16   0   2   9   5   4   8  11  18  19
  13   7  15  10]",22652915112.66328,29,4800797
74,"[ 20  21  22  23  24  25  26  27  28  29  30  31  32  33  34  35  36  37
  38  39  40  41  42  43  44  45  46  47  48  49  50  51  52  53  54  55
  56  57  58  59  60  61  62  63  64  65  66  67  68  69  70  71  72  73
  74  75  76  77  78  79  80  81  82  83  84  85  86  87  88  89  90  91
  92  93  94  95  96  97  98  99 100 101 102 103 104 105 106 107 108 109
 110 111 112 113 114 115 116 117 118 119 120 121 122 123 124 125 126 127
 128 129 130 131 132 133 134 135 136 137 138 139 140 141 142 143 144 145
 146 147 148 149 150 151 152 153 154 155 156 157 158 159 160 161 162 163
 164 165 166 167 168 169 170 171 172 173 174 175 176 177 178 179 180 181
 182 183 184 185 186 187 188 189 190 191 192 193 194 195 196 197 198 199
 200 201  12   6  14   1   3  17  16   0   2   9   5   4   8  11  18  19
  13   7  15  10]",22652915112.66328,29,4800797
75,"[ 22  23  24  25  26  27  28  29  30  31  32  33  34  35  36  37  38  39
  40  41  42  43  44  45  46  47  48  49  50  51  52  53  54  55  56  57
  58  59  60  61  62  63  64  65  66  67  68  69  70  71  72  73  74  75
  76  77  78  79  80  81  82  83  84  85  86  87  88  89  90  91  92  93
  94  95  96  97  98  99 100 101 102 103 104 105 106 107 108 109 110 111
 112 113 114 115 116 117 118 119 120 121 122 123 124 125 126 127 128 129
 130 131 132 133 134 135 136 137 138 139 140 141 142 143 144 145 146 147
 148 149 150 151 152 153 154 155 156 157 158 159 160 161 162 163 164 165
 166 167 168 169 170 171 172 173 174 175 176 177 178 179 180 181 182 183
 184 185 186 187 188 189 190 191 192 193 194 195 196 197 198 199 200 201
  12   6  14   1   3  17  16   0   2   9   5   4   8  11  18  19  13   7
  15  10  21  20]",22494907986.431286,29,4795921
76,"[ 20  21  22  23  24  25  26  27  28  29  30  31  32  33  34  35  36  37
  38  39  40  41  42  43  44  45  46  47  48  49  50  51  52  53  54  55
  56  57  58  59  60  61  62  63  64  65  66  67  68  69  70  71  72  73
  74  75  76  77  78  79  80  81  82  83  84  85  86  87  88  89  90  91
  92  93  94  95  96  97  98  99 100 101 102 103 104 105 106 107 108 109
 110 111 112 113 114 115 116 117 118 119 120 121 122 123 124 125 126 127
 128 129 130 131 132 133 134 135 136 137 138 139 140 141 142 143 144 145
 146 147 148 149 150 151 152 153 154 155 156 157 158 159 160 161 162 163
 164 165 166 167 168 169 170 171 172 173 174 175 176 177 178 179 180 181
 182 183 184 185 186 187 188 189 190 191 192 193 194 195 196 197 198 199
 200 201  12   6  14   1   3  17  16   0   2   9   5   4   8  11  18  19
  13   7  15  10]",22652915112.66328,29,4800797
77,"[ 20  21  22  23  24  25  26  27  28  29  30  31  32  33  34  35  36  37
  38  39  40  41  42  43  44  45  46  47  48  49  50  51  52  53  54  55
  56  57  58  59  60  61  62  63  64  65  66  67  68  69  70  71  72  73
  74  75  76  77  78  79  80  81  82  83  84  85  86  87  88  89  90  91
  92  93  94  95  96  97  98  99 100 101 102 103 104 105 106 107 108 109
 110 111 112 113 114 115 116 117 118 119 120 121 122 123 124 125 126 127
 128 129 130 131 132 133 134 135 136 137 138 139 140 141 142 143 144 145
 146 147 148 149 150 151 152 153 154 155 156 157 158 159 160 161 162 163
 164 165 166 167 168 169 170 171 172 173 174 175 176 177 178 179 180 181
 182 183 184 185 186 187 188 189 190 191 192 193 194 195 196 197 198 199
 200 201  12   6  14   1   3  17  16   0   2   9   5   4   8  11  18  19
  13   7  15  10]",22652915112.66328,29,4800797
78,"[ 20  21  22  23  24  25  26  27  28  29  30  31  32  33  34  35  36  37
  38  39  40  41  42  43  44  45  46  47  48  49  50  51  52  53  54  55
  56  57  58  59  60  61  62  63  64  65  66  67  68  69  70  71  72  73
  74  75  76  77  78  79  80  81  82  83  84  85  86  87  88  89  90  91
  92  93  94  95  96  97  98  99 100 101 102 103 104 105 106 107 108 109
 110 111 112 113 114 115 116 117 118 119 120 121 122 123 124 125 126 127
 128 129 130 131 132 133 134 135 136 137 138 139 140 141 142 143 144 145
 146 147 148 149 150 151 152 153 154 155 156 157 158 159 160 161 162 163
 164 165 166 167 168 169 170 171 172 173 174 175 176 177 178 179 180 181
 182 183 184 185 186 187 188 189 190 191 192 193 194 195 196 197 198 199
 200 201  12   6  14   1   3  17  16   0   2   9   5   4   8  11  18  19
  13   7  15  10]",22652915112.66328,29,4800797
79,"[ 20  21  22  23  24  25  26  27  28  29  30  31  32  33  34  35  36  37
  38  39  40  41  42  43  44  45  46  47  48  49  50  51  52  53  54  55
  56  57  58  59  60  61  62  63  64  65  66  67  68  69  70  71  72  73
  74  75  76  77  78  79  80  81  82  83  84  85  86  87  88  89  90  91
  92  93  94  95  96  97  98  99 100 101 102 103 104 105 106 107 108 109
 110 111 112 113 114 115 116 117 118 119 120 121 122 123 124 125 126 127
 128 129 130 131 132 133 134 135 136 137 138 139 140 141 142 143 144 145
 146 147 148 149 150 151 152 153 154 155 156 157 158 159 160 161 162 163
 164 165 166 167 168 169 170 171 172 173 174 175 176 177 178 179 180 181
 182 183 184 185 186 187 188 189 190 191 192 193 194 195 196 197 198 199
 200 201  12   6  14   1   3  17  16   0   2   9   5   4   8  11  18  19
  13   7  15  10]",22652915112.66328,29,4800797
80,"[ 20  21  22  23  24  25  26  27  28  29  30  31  32  33  34  35  36  37
  38  39  40  41  42  43  44  45  46  47  48  49  50  51  52  53  54  55
  56  57  58  59  60  61  62  63  64  65  66  67  68  69  70  71  72  73
  74  75  76  77  78  79  80  81  82  83  84  85  86  87  88  89  90  91
  92  93  94  95  96  97  98  99 100 101 102 103 104 105 106 107 108 109
 110 111 112 113 114 115 116 117 118 119 120 121 122 123 124 125 126 127
 128 129 130 131 132 133 134 135 136 137 138 139 140 141 142 143 144 145
 146 147 148 149 150 151 152 153 154 155 156 157 158 159 160 161 162 163
 164 165 166 167 168 169 170 171 172 173 174 175 176 177 178 179 180 181
 182 183 184 185 186 187 188 189 190 191 192 193 194 195 196 197 198 199
 200 201  12   6  14   1   3  17  16   0   2   9   5   4   8  11  18  19
  13   7  15  10]",22652915112.66328,29,4800797
81,"[ 20  21  22  23  24  25  26  27  28  29  30  31  32  33  34  35  36  37
  38  39  40  41  42  43  44  45  46  47  48  49  50  51  52  53  54  55
  56  57  58  59  60  61  62  63  64  65  66  67  68  69  70  71  72  73
  74  75  76  77  78  79  80  81  82  83  84  85  86  87  88  89  90  91
  92  93  94  95  96  97  98  99 100 101 102 103 104 105 106 107 108 109
 110 111 112 113 114 115 116 117 118 119 120 121 122 123 124 125 126 127
 128 129 130 131 132 133 134 135 136 137 138 139 140 141 142 143 144 145
 146 147 148 149 150 151 152 153 154 155 156 157 158 159 160 161 162 163
 164 165 166 167 168 169 170 171 172 173 174 175 176 177 178 179 180 181
 182 183 184 185 186 187 188 189 190 191 192 193 194 195 196 197 198 199
 200 201  12   6  14   1   3  17  16   0   2   9   5   4   8  11  18  19
  13   7  15  10]",22652915112.66328,29,4800797
82,"[ 20  21  22  23  24  25  26  27  28  29  30  31  32  33  34  35  36  37
  38  39  40  41  42  43  44  45  46  47  48  49  50  51  52  53  54  55
  56  57  58  59  60  61  62  63  64  65  66  67  68  69  70  71  72  73
  74  75  76  77  78  79  80  81  82  83  84  85  86  87  88  89  90  91
  92  93  94  95  96  97  98  99 100 101 102 103 104 105 106 107 108 109
 110 111 112 113 114 115 116 117 118 119 120 121 122 123 124 125 126 127
 128 129 130 131 132 133 134 135 136 137 138 139 140 141 142 143 144 145
 146 147 148 149 150 151 152 153 154 155 156 157 158 159 160 161 162 163
 164 165 166 167 168 169 170 171 172 173 174 175 176 177 178 179 180 181
 182 183 184 185 186 187 188 189 190 191 192 193 194 195 196 197 198 199
 200 201  12   6  14   1   3  17  16   0   2   9   5   4   8  11  18  19
  13   7  15  10]",22652915112.66328,29,4800797
83,"[ 20  21  22  23  24  25  26  27  28  29  30  31  32  33  34  35  36  37
  38  39  40  41  42  43  44  45  46  47  48  49  50  51  52  53  54  55
  56  57  58  59  60  61  62  63  64  65  66  67  68  69  70  71  72  73
  74  75  76  77  78  79  80  81  82  83  84  85  86  87  88  89  90  91
  92  93  94  95  96  97  98  99 100 101 102 103 104 105 106 107 108 109
 110 111 112 113 114 115 116 117 118 119 120 121 122 123 124 125 126 127
 128 129 130 131 132 133 134 135 136 137 138 139 140 141 142 143 144 145
 146 147 148 149 150 151 152 153 154 155 156 157 158 159 160 161 162 163
 164 165 166 167 168 169 170 171 172 173 174 175 176 177 178 179 180 181
 182 183 184 185 186 187 188 189 190 191 192 193 194 195 196 197 198 199
 200 201  12   6  14   1   3  17  16   0   2   9   5   4   8  11  18  19
  13   7  15  10]",22652915112.66328,29,4800797
84,"[ 20  21  22  23  24  25  26  27  28  29  30  31  32  33  34  35  36  37
  38  39  40  41  42  43  44  45  46  47  48  49  50  51  52  53  54  55
  56  57  58  59  60  61  62  63  64  65  66  67  68  69  70  71  72  73
  74  75  76  77  78  79  80  81  82  83  84  85  86  87  88  89  90  91
  92  93  94  95  96  97  98  99 100 101 102 103 104 105 106 107 108 109
 110 111 112 113 114 115 116 117 118 119 120 121 122 123 124 125 126 127
 128 129 130 131 132 133 134 135 136 137 138 139 140 141 142 143 144 145
 146 147 148 149 150 151 152 153 154 155 156 157 158 159 160 161 162 163
 164 165 166 167 168 169 170 171 172 173 174 175 176 177 178 179 180 181
 182 183 184 185 186 187 188 189 190 191 192 193 194 195 196 197 198 199
 200 201  12   6  14   1   3  17  16   0   2   9   5   4   8  11  18  19
  13   7  15  10]",22652915112.66328,29,4800797
85,"[ 20  21  22  23  24  25  26  27  28  29  30  31  32  33  34  35  36  37
  38  39  40  41  42  43  44  45  46  47  48  49  50  51  52  53  54  55
  56  57  58  59  60  61  62  63  64  65  66  67  68  69  70  71  72  73
  74  75  76  77  78  79  80  81  82  83  84  85  86  87  88  89  90  91
  92  93  94  95  96  97  98  99 100 101 102 103 104 105 106 107 108 109
 110 111 112 113 114 115 116 117 118 119 120 121 122 123 124 125 126 127
 128 129 130 131 132 133 134 135 136 137 138 139 140 141 142 143 144 145
 146 147 148 149 150 151 152 153 154 155 156 157 158 159 160 161 162 163
 164 165 166 167 168 169 170 171 172 173 174 175 176 177 178 179 180 181
 182 183 184 185 186 187 188 189 190 191 192 193 194 195 196 197 198 199
 200 201  12   6  14   1   3  17  16   0   2   9   5   4   8  11  18  19
  13   7  15  10]",22652915112.66328,29,4800797
86,"[ 20  21  22  23  24  25  26  27  28  29  30  31  32  33  34  35  36  37
  38  39  40  41  42  43  44  45  46  47  48  49  50  51  52  53  54  55
  56  57  58  59  60  61  62  63  64  65  66  67  68  69  70  71  72  73
  74  75  76  77  78  79  80  81  82  83  84  85  86  87  88  89  90  91
  92  93  94  95  96  97  98  99 100 101 102 103 104 105 106 107 108 109
 110 111 112 113 114 115 116 117 118 119 120 121 122 123 124 125 126 127
 128 129 130 131 132 133 134 135 136 137 138 139 140 141 142 143 144 145
 146 147 148 149 150 151 152 153 154 155 156 157 158 159 160 161 162 163
 164 165 166 167 168 169 170 171 172 173 174 175 176 177 178 179 180 181
 182 183 184 185 186 187 188 189 190 191 192 193 194 195 196 197 198 199
 200 201  12   6  14   1   3  17  16   0   2   9   5   4   8  11  18  19
  13   7  15  10]",22652915112.66328,29,4800797
87,"[ 20  21  22  23  24  25  26  27  28  29  30  31  32  33  34  35  36  37
  38  39  40  41  42  43  44  45  46  47  48  49  50  51  52  53  54  55
  56  57  58  59  60  61  62  63  64  65  66  67  68  69  70  71  72  73
  74  75  76  77  78  79  80  81  82  83  84  85  86  87  88  89  90  91
  92  93  94  95  96  97  98  99 100 101 102 103 104 105 106 107 108 109
 110 111 112 113 114 115 116 117 118 119 120 121 122 123 124 125 126 127
 128 129 130 131 132 133 134 135 136 137 138 139 140 141 142 143 144 145
 146 147 148 149 150 151 152 153 154 155 156 157 158 159 160 161 162 163
 164 165 166 167 168 169 170 171 172 173 174 175 176 177 178 179 180 181
 182 183 184 185 186 187 188 189 190 191 192 193 194 195 196 197 198 199
 200 201  12   6  14   1   3  17  16   0   2   9   5   4   8  11  18  19
  13   7  15  10]",22652915112.66328,29,4800797
88,"[ 20  21  22  23  24  25  26  27  28  29  30  31  32  33  34  35  36  37
  38  39  40  41  42  43  44  45  46  47  48  49  50  51  52  53  54  55
  56  57  58  59  60  61  62  63  64  65  66  67  68  69  70  71  72  73
  74  75  76  77  78  79  80  81  82  83  84  85  86  87  88  89  90  91
  92  93  94  95  96  97  98  99 100 101 102 103 104 105 106 107 108 109
 110 111 112 113 114 115 116 117 118 119 120 121 122 123 124 125 126 127
 128 129 130 131 132 133 134 135 136 137 138 139 140 141 142 143 144 145
 146 147 148 149 150 151 152 153 154 155 156 157 158 159 160 161 162 163
 164 165 166 167 168 169 170 171 172 173 174 175 176 177 178 179 180 181
 182 183 184 185 186 187 188 189 190 191 192 193 194 195 196 197 198 199
 200 201  12   6  14   1   3  17  16   0   2   9   5   4   8  11  18  19
  13   7  15  10]",22652915112.66328,29,4800797
89,"[ 20  21  22  23  24  25  26  27  28  29  30  31  32  33  34  35  36  37
  38  39  40  41  42  43  44  45  46  47  48  49  50  51  52  53  54  55
  56  57  58  59  60  61  62  63  64  65  66  67  68  69  70  71  72  73
  74  75  76  77  78  79  80  81  82  83  84  85  86  87  88  89  90  91
  92  93  94  95  96  97  98  99 100 101 102 103 104 105 106 107 108 109
 110 111 112 113 114 115 116 117 118 119 120 121 122 123 124 125 126 127
 128 129 130 131 132 133 134 135 136 137 138 139 140 141 142 143 144 145
 146 147 148 149 150 151 152 153 154 155 156 157 158 159 160 161 162 163
 164 165 166 167 168 169 170 171 172 173 174 175 176 177 178 179 180 181
 182 183 184 185 186 187 188 189 190 191 192 193 194 195 196 197 198 199
 200 201  12   6  14   1   3  17  16   0   2   9   5   4   8  11  18  19
  13   7  15  10]",22652915112.66328,29,4800797
90,"[ 20  21  22  23  24  25  26  27  28  29  30  31  32  33  34  35  36  37
  38  39  40  41  42  43  44  45  46  47  48  49  50  51  52  53  54  55
  56  57  58  59  60  61  62  63  64  65  66  67  68  69  70  71  72  73
  74  75  76  77  78  79  80  81  82  83  84  85  86  87  88  89  90  91
  92  93  94  95  96  97  98  99 100 101 102 103 104 105 106 107 108 109
 110 111 112 113 114 115 116 117 118 119 120 121 122 123 124 125 126 127
 128 129 130 131 132 133 134 135 136 137 138 139 140 141 142 143 144 145
 146 147 148 149 150 151 152 153 154 155 156 157 158 159 160 161 162 163
 164 165 166 167 168 169 170 171 172 173 174 175 176 177 178 179 180 181
 182 183 184 185 186 187 188 189 190 191 192 193 194 195 196 197 198 199
 200 201  12   6  14   1   3  17  16   0   2   9   5   4   8  11  18  19
  13   7  15  10]",22652915112.66328,29,4800797
91,"[ 20  21  22  23  24  25  26  27  28  29  30  31  32  33  34  35  36  37
  38  39  40  41  42  43  44  45  46  47  48  49  50  51  52  53  54  55
  56  57  58  59  60  61  62  63  64  65  66  67  68  69  70  71  72  73
  74  75  76  77  78  79  80  81  82  83  84  85  86  87  88  89  90  91
  92  93  94  95  96  97  98  99 100 101 102 103 104 105 106 107 108 109
 110 111 112 113 114 115 116 117 118 119 120 121 122 123 124 125 126 127
 128 129 130 131 132 133 134 135 136 137 138 139 140 141 142 143 144 145
 146 147 148 149 150 151 152 153 154 155 156 157 158 159 160 161 162 163
 164 165 166 167 168 169 170 171 172 173 174 175 176 177 178 179 180 181
 182 183 184 185 186 187 188 189 190 191 192 193 194 195 196 197 198 199
 200 201  12   6  14   1   3  17  16   0   2   9   5   4   8  11  18  19
  13   7  15  10]",22652915112.66328,29,4800797
92,"[147  22  20  21  23  24  25  26  27  28  29  30  31  32  33  34  35  36
  37  38  39  40  41  42  43  44  45  46  47  48  49  50  51  52  53  54
  55  56  57  58  59  60  61  62  63  64  65  66  67  68  69  70  71  72
  73  74  75  76  77  78  79  80  81  82  83  84  85  86  87  88  89  90
  91  92  93  94  95  96  97  98  99 100 101 102 103 104 105 106 107 108
 109 110 111 112 113 114 115 116 117 118 119 120 121 122 123 124 125 126
 127 128 129 130 131 132 133 134 135 136 137 138 139 140 141 142 143 144
 145 146 148 149 150 151 152 153 154 155 156 157 158 159 160 161 162 163
 164 165 166 167 168 169 170 171 172 173 174 175 176 177 178 179 180 181
 182 183 184 185 186 187 188 189 190 191 192 193 194 195 196 197 198 199
 200 201  12   6  14   1   3  17  16   0   2   9   5   4   8  11  18  19
  13   7  15  10]",22156413303.84643,29,4915046
93,"[ 24  25  26  27  28  29  30  31  32  33  34  35  36  37  38  39  40  41
  42  43  44  45  46  47  48  49  50  51  52  53  54  55  56  57  58  59
  60  61  62  63  64  65  66  67  68  69  70  71  72  73  74  75  76  77
  78  79  80  81  82  83  84  85  86  87  88  89  90  91  92  93  94  95
  96  97  98  99 100 101 102 103 104 105 106 107 108 109 110 111 112 113
 114 115 116 117 118 119 120 121 122 123 124 125 126 127 128 129 130 131
 132 133 134 135 136 137 138 139 140 141 142 143 144 145 146 147 148 149
 150 151 152 153 154 155 156 157 158 159 160 161 162 163 164 165 166 167
 168 169 170 171 172 173 174 175 176 177 178 179 180 181 182 183 184 185
 186 187 188 189 190 191 192 193 194 195 196 197 198 199 200 201  12   6
  14   1   3  17  16   0   2   9   5   4   8  11  18  19  13   7  15  10
  23  20  22  21]",22471109920.98959,28,4743484
94,"[ 20  21  22  23  24  25  26  27  28  29  30  31  32  33  34  35  36  37
  38  39  40  41  42  43  44  45  46  47  48  49  50  51  52  53  54  55
  56  57  58  59  60  61  62  63  64  65  66  67  68  69  70  71  72  73
  74  75  76  77  78  79  80  81  82  83  84  85  86  87  88  89  90  91
  92  93  94  95  96  97  98  99 100 101 102 103 104 105 106 107 108 109
 110 111 112 113 114 115 116 117 118 119 120 121 122 123 124 125 126 127
 128 129 130 131 132 133 134 135 136 137 138 139 140 141 142 143 144 145
 146 147 148 149 150 151 152 153 154 155 156 157 158 159 160 161 162 163
 164 165 166 167 168 169 170 171 172 173 174 175 176 177 178 179 180 181
 182 183 184 185 186 187 188 189 190 191 192 193 194 195 196 197 198 199
 200 201  12   6  14   1   3  17  16   0   2   9   5   4   8  11  18  19
  13   7  15  10]",22652915112.66328,29,4800797
95,"[ 20  21  22  23  24  25  26  27  28  29  30  31  32  33  34  35  36  37
  38  39  40  41  42  43  44  45  46  47  48  49  50  51  52  53  54  55
  56  57  58  59  60  61  62  63  64  65  66  67  68  69  70  71  72  73
  74  75  76  77  78  79  80  81  82  83  84  85  86  87  88  89  90  91
  92  93  94  95  96  97  98  99 100 101 102 103 104 105 106 107 108 109
 110 111 112 113 114 115 116 117 118 119 120 121 122 123 124 125 126 127
 128 129 130 131 132 133 134 135 136 137 138 139 140 141 142 143 144 145
 146 147 148 149 150 151 152 153 154 155 156 157 158 159 160 161 162 163
 164 165 166 167 168 169 170 171 172 173 174 175 176 177 178 179 180 181
 182 183 184 185 186 187 188 189 190 191 192 193 194 195 196 197 198 199
 200 201  12   6  14   1   3  17  16   0   2   9   5   4   8  11  18  19
  13   7  15  10]",22652915112.66328,29,4800797
96,"[ 20  21  22  23  24  25  26  27  28  29  30  31  32  33  34  35  36  37
  38  39  40  41  42  43  44  45  46  47  48  49  50  51  52  53  54  55
  56  57  58  59  60  61  62  63  64  65  66  67  68  69  70  71  72  73
  74  75  76  77  78  79  80  81  82  83  84  85  86  87  88  89  90  91
  92  93  94  95  96  97  98  99 100 101 102 103 104 105 106 107 108 109
 110 111 112 113 114 115 116 117 118 119 120 121 122 123 124 125 126 127
 128 129 130 131 132 133 134 135 136 137 138 139 140 141 142 143 144 145
 146 147 148 149 150 151 152 153 154 155 156 157 158 159 160 161 162 163
 164 165 166 167 168 169 170 171 172 173 174 175 176 177 178 179 180 181
 182 183 184 185 186 187 188 189 190 191 192 193 194 195 196 197 198 199
 200 201  12   6  14   1   3  17  16   0   2   9   5   4   8  11  18  19
  13   7  15  10]",22652915112.66328,29,4800797
97,"[ 20  21  22  23  24  25  26  27  28  29  30  31  32  33  34  35  36  37
  38  39  40  41  42  43  44  45  46  47  48  49  50  51  52  53  54  55
  56  57  58  59  60  61  62  63  64  65  66  67  68  69  70  71  72  73
  74  75  76  77  78  79  80  81  82  83  84  85  86  87  88  89  90  91
  92  93  94  95  96  97  98  99 100 101 102 103 104 105 106 107 108 109
 110 111 112 113 114 115 116 117 118 119 120 121 122 123 124 125 126 127
 128 129 130 131 132 133 134 135 136 137 138 139 140 141 142 143 144 145
 146 147 148 149 150 151 152 153 154 155 156 157 158 159 160 161 162 163
 164 165 166 167 168 169 170 171 172 173 174 175 176 177 178 179 180 181
 182 183 184 185 186 187 188 189 190 191 192 193 194 195 196 197 198 199
 200 201  12   6  14   1   3  17  16   0   2   9   5   4   8  11  18  19
  13   7  15  10]",22652915112.66328,29,4800797
98,"[ 20  21  22  23  24  25  26  27  28  29  30  31  32  33  34  35  36  37
  38  39  40  41  42  43  44  45  46  47  48  49  50  51  52  53  54  55
  56  57  58  59  60  61  62  63  64  65  66  67  68  69  70  71  72  73
  74  75  76  77  78  79  80  81  82  83  84  85  86  87  88  89  90  91
  92  93  94  95  96  97  98  99 100 101 102 103 104 105 106 107 108 109
 110 111 112 113 114 115 116 117 118 119 120 121 122 123 124 125 126 127
 128 129 130 131 132 133 134 135 136 137 138 139 140 141 142 143 144 145
 146 147 148 149 150 151 152 153 154 155 156 157 158 159 160 161 162 163
 164 165 166 167 168 169 170 171 172 173 174 175 176 177 178 179 180 181
 182 183 184 185 186 187 188 189 190 191 192 193 194 195 196 197 198 199
 200 201  12   6  14   1   3  17  16   0   2   9   5   4   8  11  18  19
  13   7  15  10]",22652915112.66328,29,4800797
99,"[ 20  21  22  23  24  25  26  27  28  29  30  31  32  33  34  35  36  37
  38  39  40  41  42  43  44  45  46  47  48  49  50  51  52  53  54  55
  56  57  58  59  60  61  62  63  64  65  66  67  68  69  70  71  72  73
  74  75  76  77  78  79  80  81  82  83  84  85  86  87  88  89  90  91
  92  93  94  95  96  97  98  99 100 101 102 103 104 105 106 107 108 109
 110 111 112 113 114 115 116 117 118 119 120 121 122 123 124 125 126 127
 128 129 130 131 132 133 134 135 136 137 138 139 140 141 142 143 144 145
 146 147 148 149 150 151 152 153 154 155 156 157 158 159 160 161 162 163
 164 165 166 167 168 169 170 171 172 173 174 175 176 177 178 179 180 181
 182 183 184 185 186 187 188 189 190 191 192 193 194 195 196 197 198 199
 200 201  12   6  14   1   3  17  16   0   2   9   5   4   8  11  18  19
  13   7  15  10]",22652915112.66328,29,4800797
